I HOME ITEM NUMBER,MAIN PICTURE,OTHER PICTURES,COLORS,MATERIAL,PRODUCT NAME,Descreption,Size,Cost,price shekel,price -10%,Price
Chair F2-1,4_Chair_1A_SH,4_Chair_1B_SH,"WHITE,BLACK,RED,BLUE,GREEN,YELLOW,ORANGE",PP,CHAIR F2-1,"Chair, Structure Full PP",(L)56*(W)41*(H)79.5 cm Seat High: 45 cm,$18.33 ,? 160,? 144,$45.83 
Chair F2-2,4_Chair_2A_SH,4_Chair_2B_SH,"WHITE,BLACK,RED,GREEN,BLUE, YELLOW,GREY,ORANGE",PP,CHAIR F2-2,"Chair, Structure Full PP",(L)51*(W)44*(H)80 cm Seat High: 44 cm,$18.33 ,? 160,? 144,$45.83 
Chair F2-3,4_Chair_3A_SH,4_Chair_3B_SH 4_Chair_3C_SH 4_Chair_3D_SH 4_Chair_3E_SH 4_Chair_3F_SH 4_Chair_3G_SH 4_Chair_3H_SH 4_Chair_3I_SH 4_Chair_3J_SH 4_Chair_3K_SH 4_Chair_3L_SH 4_Chair_3M_SH 4_Chair_3N_SH 4_Chair_3O_SH 4_Chair_3P_SH,"WHITE,BLACK,RED,GREEN,BLUE, YELLOW,GREY,ORANGE",PP,CHAIR F2-3,"Chair, Structure Full PP",(L)56*(W)54*(H)83 cm Seat High: 48 cm,$17.50 ,? 153,? 138,$43.75 
Chair F2-4,4_Chair_4A_SH,4_Chair_4B_SH,"WHITE,BLACK,RED,GREEN,BLUE, YELLOW,GREY,ORANGE",PP,CHAIR F2-4,"Chair, Structure Full PP",(L)50*(W)53.5*(H)82 cm Seat High: 48 cm,$19.00 ,? 166,? 150,$47.50 
Chair F2-5,4_Chair_5A_SH,4_Chair_5B_SH,,"PP,FABRIC,WOOD,METAL",CHAIR F2-5,"Chair, Structure Seat in PP cover with Fabric, Legs in Metal and Wood",/,$-,? 0,? 0,$-
Chair F2-6,4_Chair_6_A_SH,4_Chair_6_B_SH 4_Chair_6_C_SH 4_Chair_6_D_SH,"SEAT:BLACK,WHITE PILLOW:WHITE,BLACK,RED","PP,PU,WOOD",CHAIR F2-6,"Chair, Structure Seat in PP Pillow with PU, Legs in Wood",(L)55*(W)49*(H)83 cm Seat High: 51 cm,$25.00 ,? 219,? 197,$62.50 
Chair F2-7,4_Chair_7A_SH,4_Chair_7B_SH 4_Chair_7C_SH 4_Chair_7D_SH 4_Chair_7E_SH 4_Chair_7F_SH,"WHITE,BLACK,RED,BLUE,GREEN,YELLOW,ORANGE",PP,CHAIR F2-7,"Chair, Structure Full PP",(L)53.5*(W)43*(H)89 cm Seat High: 48 cm,$18.50 ,? 162,? 146,$46.25 
Chair F2-8,4_Chair_8A_SH,4_Chair_8B_SH,"WHITE,BLACK,RED,GREEN,BLUE, YELLOW,ORANGE","PP,WOOD,METAL",CHAIR F2-8,"Chair, Structure Seat in PP , Legs in Wood & Metal",(L)50*(W)56.5*(H)75 cm Seat High: 45 cm,$17.50 ,? 153,? 138,$43.75 
Chair F2-9,4_Chair_9_SH,/,"WHITE,BLACK,RED,GREEN,BLUE, YELLOW,ORANGE","PP,METAL",CHAIR F2-9,"Chair, Structure Seat in PP , Legs in Metal",(L)50*(W)56.5*(H)75 cm Seat High: 46 cm,$17.50 ,? 153,? 138,$43.75 
Chair F2-10,4_Chair_10A_SH,4_Chair_10B_SH,"WHITE,BLACK,RED,GREEN,BLUE, YELLOW,GREY,ORANGE,CLEAR,SMOKE GREY,CLEAR RED",PC,CHAIR F2-10,"Chair, Structure Full ABS",(L)56*(W)52*(H)83.5 cm Seat High: 48 cm,$30.00 ,? 263,? 236,$75.00 
Chair F2-11,4_Chair_11_SH,/,,"PP,FABRIC,METAL",CHAIR F2-11,"Chair, Structure Seat in PP cover with Fabric, Legs in Metal",/,$-,? 0,? 0,$-
Chair F2-12,4_Chair_12_SH,/,"CLEAR,SMOKE GREY,CLEAR RED",ABS,CHAIR F2-12,"Chair, Structure Full ABS",(L)56*(W)41*(H)79.5 cm Seat High: 45 cm,$27.80 ,? 243,? 219,$69.50 
Chair F2-13,4_Chair_13A_SH,4_Chair_13B_SH 4_Chair_13C_SH 4_Chair_13D_SH 4_Chair_13E_SH 4_Chair_13F_SH 4_Chair_13G_SH 4_Chair_13H_SH,"SEAT:WHITE,BLACK,RED,GREEN,BLUE,YELLOW,ORANGE BACK:CLEAR,CLEAR BLUE,CLEAR RED",PP,CHAIR F2-13,"Chair, Structure Full PP",(L)45*(W)43*(H)76.5 cm Seat High: 46 cm,$19.50 ,? 171,? 154,$48.75 
Chair F2-14,4_Chair_14A_SH,4_Chair_14B_SH 4_Chair_14C_SH,"BLACK,WHITE",PP,CHAIR F2-14,"Chair, Structure Full PP",(L)59.5*(W)58*(H)79.5 cm Seat High: 45 cm,$35.00 ,? 306,? 276,$87.50 
Chair F2-15,4_Chair_15A_SH,4_Chair_15B_SH,"CLEAR,SMOKE GREY,CLEAR RED",ABS,CHAIR F2-15,"Chair, Structure Full ABS",(L)59.5*(W)58*(H)79.5 cm Seat High: 45 cm,$37.00 ,? 324,? 291,$92.50 
Chair F2-16,4_Chair_16A_SH,4_Chair_16B_SH,"SEAT:WHITE,BLACK,GREEN,YELLOW,RED PILLOW:WHITE,BLACK,RED","PP,PU,WOOD",CHAIR F2-16,"Chair, Structure Seat in PP Pillow with PU, Legs in Wood",(L)55*(W)49*(H)83 cm Seat High: 51 cm,$25.00 ,? 219,? 197,$62.50 
Chair F2-17,4_Chair_17_SH,/,"WHITE,BLACK,RED,BLUE,GREEN,YELLOW,ORANGE","PP,WOOD",CHAIR F2-17,"Chair, Structure Seat in PP , Legs in Wood",(L)55*(W)56.5*(H)77.5 cm Seat High: 47 cm,$26.00 ,? 228,? 205,$65.00 
Chair F2-18,4_Chair_18A_SH,4_Chair_18B_SH,"WHITE,BLACK,RED,BLUE,GREEN,YELLOW,ORANGE","PP,METAL",CHAIR F2-18,"Chair, Structure Seat in PP , Legs in Metal",(L)55*(W)56.5*(H)75 cm Seat High: 44 cm,$17.50 ,? 153,? 138,$43.75 
Chair F2-19,4_Chair_19A_SH,4_Chair_19B_SH 4_Chair_19C_SH 4_Chair_19D_SH 4_Chair_19E_SH 4_Chair_19F_SH,"WHITE,BLACK,RED,GREEN,BLUE,YELLOW,PEACH,PINK,ORANGE","PP,WOOD,METAL",CHAIR F2-19,"Chair, Structure Seat in PP , Legs in Wood & Metal",(L)56*(W)46*(H)80 cm Seat High: 45 cm,$16.00 ,? 140,? 126,$40.00 
Chair F2-20,4_Chair_20B_SH,4_Chair_20C_SH 4_Chair_20D_SH 4_Chair_20E_SH,"WHITE,BLACK,RED,GREEN,BLUE,YELLOW,PEACH,PINK,ORANGE","PP,METAL",CHAIR F2-20,"Chair, Structure Seat in PP , Legs in Metal",(L)56*(W)46*(H)80 cm Seat High: 45 cm,$16.00 ,? 140,? 126,$40.00 
Chair F2-21,4_Chair_21_SH,/,,"PP,FABRIC,WOOD,METAL",CHAIR F2-21,"Chair, Structure Seat in PP Pillow with Fabric, Legs in Wood & Metal",/,$-,? 0,? 0,$-
Chair F2-22,4_Chair_22A_SH,4_Chair_22B_SH,"CLEAR,SMOKE GREY,CLEAR RED,CLEAR ORANGE,CLEAR PINK","ABS,METAL",CHAIR F2-22,"Chair, Structure Seat in ABS, Legs in Metal",(L)55*(W)47*(H)82 cm Seat High: 44 cm,$22.00 ,? 193,? 173,$55.00 
Chair F2-23,4_Chair_23A_SH,4_Chair_23B_SH,"CLEAR,SMOKE GREY,CLEAR RED,CLEAR ORANGE,CLEAR PINK","ABS,METAL,WOOD",CHAIR F2-23,"Chair, Structure Seat in ABS, Legs in Metal & Wood",(L)55*(W)47*(H)82 cm Seat High: 44 cm,$22.00 ,? 193,? 173,$55.00 
Chair F2-24,4_Chair_24A_SH,4_Chair_24B_SH,"CLEAR,SMOKE GREY,CLEAR RED,CLEAR ORANGE,CLEAR PINK","ABS,METAL",CHAIR F2-24,"Chair, Structure Seat in ABS, Legs in Metal",(L)62*(W)62*(H)83 cm Seat High: 44 cm,$25.00 ,? 219,? 197,$62.50 
Chair F2-25,4_Chair_25_SH,/,"CLEAR,SMOKE GREY,CLEAR RED,CLEAR ORANGE,CLEAR PINK","ABS,METAL,WOOD",CHAIR F2-25,"Chair, Structure Seat in ABS, Legs in Metal & Wood",(L)62*(W)62*(H)83 cm Seat High: 44 cm,$25.00 ,? 219,? 197,$62.50 
Chair F2-26,4_Chair_26_SH,/,"CLEAR,SMOKE GREY,CLEAR RED,CLEAR ORANGE,CLEAR PINK","ABS,WOOD",CHAIR F2-26,"Chair, Structure Seat in ABS, Legs in Wood",/,$-,? 0,? 0,$-
Chair F2-27,4_Chair_27A_SH,4_Chair_27B_SH 4_Chair_27C_SH 4_Chair_27D_SH,"CLEAR,SMOKE GREY,CLEAR YELLOW","ABS,METAL",CHAIR F2-27,"Chair, Structure Seat in ABS, Legs in Metal",(L)56*(W)61*(H)80 cm Seat High: 45 cm,$125.00 ,"? 1,094",? 984,$312.50 
Chair F2-28,4_Chair_28_SH,/,"CLEAR,SMOKE GREY,CLEAR YELLOW","ABS,METAL,WOOD",CHAIR F2-28,"Chair, Structure Seat in ABS, Legs in Metal & Wood",(L)56*(W)61*(H)80 cm Seat High: 45 cm,$28.00 ,? 245,? 221,$70.00 
Chair F2-29,4_Chair_29_SH,/,"CLEAR,SMOKE GREY,CLEAR YELLOW","ABS,WOOD",CHAIR F2-29,"Chair, Structure Seat in ABS, Legs in Wood",(L)56*(W)61*(H)80 cm Seat High: 45 cm,$29.50 ,? 258,? 232,$73.75 
Chair F2-30,4_Chair_30_SH,/,"CLEAR,SMOKE GREY,CLEAR YELLOW","ABS,WOOD",CHAIR F2-30,"Chair, Structure Seat in ABS, Legs in Wood",/,$-,? 0,? 0,$-
Chair F2-31,4_Chair_31A_SH,4_Chair_31B_SH 4_Chair_31C_SH 4_Chair_31D_SH 4_Chair_31E_SH 4_Chair_31F_SH,"CLEAR,SMOKE GREY,CLEAR RED,CLEAR ORANGE,CLEAR PINK,CLEAR GREEN",ABS,CHAIR F2-31,"Chair, Structure Full ABS",(L)56*(W)53*(H)93 cm Seat High: 47 cm,$25.50 ,? 223,? 201,$63.75 
Chair F2-32,4_Chair_32A_SH,4_Chair_32B_SH 4_Chair_32C_SH 4_Chair_32D_SH,"CLEAR,SMOKE GREY,CLEAR RED,CLEAR ORANGE,CLEAR PINK,CLEAR GREEN",ABS,CHAIR F2-32,"Chair, Structure Full ABS",(L)49*(W)38.5*(H)81 cm Seat High: 48 cm,$23.00 ,? 201,? 181,$57.50 
Chair F2-33,4_Chair_33_SH,/,CLEAR,"ABS,PU",CHAIR F2-33,"Chair, Structure Full ABS with PU Pillow",/,$-,? 0,? 0,$-
Chair F2-34,4_Chair_34A_SH,4_Chair_34B_SH 4_Chair_34C_SH 4_Chair_34D_SH 4_Chair_34E_SH 4_Chair_34F_SH,"WHITE,BLACK,RED,GREEN,BLUE,YELLOW","ABS,METAL,WOOD",CHAIR F2-34,"Chair, Structure Seat in ABS, Legs in Metal & Wood",(L)56*(W)46*(H)80 cm Seat High: 42 cm,$19.00 ,? 166,? 150,$47.50 
Chair F2-35,4_Chair_35A_SH,4_Chair_35B_SH 4_Chair_35C_SH,"WHITE,BLACK,RED,GREEN,BLUE,YELLOW","ABS,METAL",CHAIR F2-35,"Chair, Structure Seat in ABS, Legs in Metal",(L)56*(W)46*(H)80 cm Seat High: 42 cm,$19.00 ,? 166,? 150,$47.50 
Chair F2-36,4_Chair_36A_SH,4_Chair_36B_SH 4_Chair_36C_SH,"WHITE,BLACK,RED,GREEN,BLUE,YELLOW","ABS,METAL,WOOD",CHAIR F2-36,"Chair, Structure Seat in ABS, Legs in Metal & Wood",(L)62*(W)62*(H)83 cm Seat High: 44 cm,$22.00 ,? 193,? 173,$55.00 
Chair F2-37,4_Chair_37A_SH,4_Chair_37B_SH 4_Chair_37C_SH,"WHITE,BLACK,RED,GREEN,BLUE,YELLOW","ABS,METAL",CHAIR F2-37,"Chair, Structure Seat in ABS, Legs in Metal",(L)62*(W)62*(H)83 cm Seat High: 44 cm,$22.00 ,? 193,? 173,$55.00 
Chair F2-38,4_Chair_38_SH,/,"WHITE,BLACK,RED,BLUE,YELLOW","ABS,WOOD,METAL",CHAIR F2-38,"Chair, Structure Seat in ABS , Legs in Wood & Metal",(L)56*(W)61*(H)80 cm Seat High: 45 cm,$-,? 0,? 0,$-
Chair F2-39,4_Chair_39A_SH,4_Chair_39B_SH,"WHITE,BLACK,RED,BLUE,YELLOW","ABS,WOOD",CHAIR F2-39,"Chair, Structure Seat in ABS , Legs in Wood",(L)56*(W)61*(H)80 cm Seat High: 45 cm,$23.00 ,? 201,? 181,$57.50 
Chair F2-40,4_Chair_40_SH,/,"WHITE,BLACK,RED,BLUE,YELLOW","ABS,METAL",CHAIR F2-40,"Chair, Structure Seat in ABS, Legs in Metal",(L)56*(W)61*(H)80 cm Seat High: 45 cm,$-,? 0,? 0,$-
Chair F2-41,4_Chair_41_SH,/,"WHITE,BLACK,RED,BLUE,YELLOW","ABS,METAL",CHAIR F2-41,"Chair, Structure Seat in ABS, Legs in Metal",(L)56*(W)61*(H)80 cm Seat High: 45 cm,$-,? 0,? 0,$-
Chair F2-42,4_Chair_42A_SH,4_Chair_42B_SH 4_Chair_42C_SH,"WHITE,BLACK,RED,BLUE,YELLOW","ABS,METAL",CHAIR F2-42,"Chair, Structure Seat in ABS, Legs in Metal",/,$-,? 0,? 0,$-
Chair F2-43,4_Chair_43A_SH,4_Chair_43B_SH 4_Chair_43C_SH 4_Chair_43D_SH,"WHITE,BLACK,RED",PC,CHAIR F2-43,"Chair, structure Full PC",(L)56*(W)53*(H)93 cm Seat High: 47 cm,$26.50 ,? 232,? 209,$66.25 
Chair F2-44,4_Chair_44A_SH,4_Chair_44B_SH,"WHITE,BLACK,RED",PC,CHAIR F2-44,"Chair, structure Full PC",(L)49*(W)38.5*(H)81 cm Seat High: 48 cm,$24.00 ,? 210,? 189,$60.00 
Chair F2-47,4_Chair_47_SH,/,"WHITE,BLACK,RED,GREEN,BLUE,YELLOW,PEACH,PINK,ORANGE","PP,WOOD",CHAIR F2-47,"Chair, Structure Seat in PP , Legs in Wood",(L)56*(W)46*(H)80 cm Seat High: 42 cm,$27.00 ,? 236,? 213,$67.50 
Chair F2-48,4_Chair_48_SH,/,"WHITE,BLACK,RED,GREEN,BLUE,YELLOW,PEACH,PINK,ORANGE","PP,WOOD",CHAIR F2-48,"Chair, Structure Seat in PP , Legs in Wood",(L)56*(W)46*(H)80 cm Seat High: 42 cm,$23.00 ,? 201,? 181,$57.50 
Chair F2-49,4_Chair_49A_SH,4_Chair_49B_SH,"SEAT:WHITE,BLACK FABRIC:GREY,GREEN","PP,FABRIC,METAL,WOOD",CHAIR F2-49,"Chair, Structure Seat in PP cover with Fabric, Legs in Metal and Wood",(L)56*(W)46*(H)80 cm Seat High: 42 cm,$29.50 ,? 258,? 232,$73.75 
Chair F2-50,4_Chair_50A_SH,4_Chair_50B_SH,AS PICTURE,"PP,FABRIC,METAL,WOOD",CHAIR F2-50,"Chair, Structure Seat in PP Pillow with Fabric, Legs in Wood & Metal",(L)55*(W)47*(H)82 cm Seat High: 44 cm,$31.00 ,? 271,? 244,$77.50 
Chair F2-51,4_Chair_51_SH,/,AS PICTURE,"PP,FABRIC,METAL,WOOD",CHAIR F2-51,"Chair, Structure Seat in PP cover with Fabric, Legs in Metal and Wood",(L)55*(W)47*(H)82 cm Seat High: 44 cm,$-,? 0,? 0,$-
Chair F2-52,4_Chair_52A_SH,4_Chair_52B_SH,AS PICTURE,"PP,PU,WOOD,METAL",CHAIR F2-52,"Chair, Structure Seat in PP cover with PU, Legs in Metal and Wood",(L)55*(W)47*(H)82 cm Seat High: 44 cm,$35.00 ,? 306,? 276,$87.50 
Chair F2-53,4_Chair_53_SH,/,AS PICTURE,"PP,FABRIC,METAL",CHAIR F2-53,"Chair, Structure Seat in PP cover with Fabric, Legs in Metal",(L)55*(W)47*(H)82 cm Seat High: 44 cm,$-,? 0,? 0,$-
Chair F2-54,4_Chair_54A_SH,4_Chair_54B_SH 4_Chair_54C_SH,"WHITE,BLACK,RED,YELLOW,GREEN","PP,PU,METAL",CHAIR F2-54,"Chair, Structure Seat in PP Pillow with PU, Legs in Metal",(L)58*(W)48*(H)83 cm Seat High: 45 cm,$27.00 ,? 236,? 213,$67.50 
Chair F2-55,4_Chair_55A_SH,4_Chair_55B_SH 4_Chair_55C_SH 4_Chair_55D_SH 4_Chair_55E_SH 4_Chair_55F_SH,"WHITE,BLACK,RED,BLUE,GREEN,PINK,YELLOW","PP,METAL,WOOD",CHAIR F2-55,"Chair, Structure Seat in PP , Legs in Wood & Metal",(L)62*(W)62*(H)83 cm Seat High: 44 cm,$19.50 ,? 171,? 154,$48.75 
Chair F2-56,4_Chair_56_SH,/,AS PICTURE,"PP,FABRIC,METAL,WOOD",CHAIR F2-56,"Chair, Structure Seat in PP Pillow with Fabric, Legs in Wood & Metal",(L)62*(W)62*(H)83 cm Seat High: 44 cm,$37.00 ,? 324,? 291,$92.50 
Chair F2-57,4_Chair_57_SH,/,AS PICTURE,"PP,FABRIC,METAL,WOOD",CHAIR F2-57,"Chair, Structure Seat in PP Pillow with Fabric, Legs in Wood & Metal",(L)56*(W)61*(H)80 cm Seat High: 45 cm,$37.00 ,? 324,? 291,$92.50 
Chair F2-58,4_Chair_58_SH,/,"WHITE,BLACK,RED,BLUE,GREEN,PINK,YELLOW","PP,WOOD",CHAIR F2-58,"Chair, Structure Seat in PP , Legs in Wood",(L)62*(W)62*(H)83 cm Seat High: 44 cm,$22.00 ,? 193,? 173,$55.00 
Chair F2-59,4_Chair_59_SH,/,AS PICTURE,"PP,FABRIC,WOOD,METAL",CHAIR F2-59,"Chair, Structure Seat in PP cover with Fabric, Legs in Metal and Wood",(L)62*(W)62*(H)83 cm Seat High: 44 cm,$-,? 0,? 0,$-
Chair F2-60,4_Chair_60A_SH,4_Chair_60B_SH,"WHITE,BLACK,RED,BLUE,GREEN,PINK,YELLOW","PP,METAL,WOOD",CHAIR F2-60,"Swing Chair, Structure Seat in PP, Legs in Wood & Metal",(L)70*(W)61*(H)70 cm Seat High: 38 cm,$20.50 ,? 179,? 161,$51.25 
Chair F2-61,4_Chair_61_SH,/,AS PICTURE,"PP,FABRIC,METAL,WOOD",CHAIR F2-61,"Swing Chair, Structure Seat in PP Cover with Fabric, Legs in Wood & Metal",(L)66*(W)62*(H)70 cm Seat High: 42 cm,$44.00 ,? 385,? 347,$110.00 
Chair F2-62,4_Chair_62A_SH,4_Chair_62B_SH,AS PICTURE,"PP,PU,WOOD,METAL",CHAIR F2-62,"Chair, Structure Seat in PP cover with PU, Legs in Metal and Wood",/,$-,? 0,? 0,$-
Chair F2-63,4_Chair_63A_SH,4_Chair_63B_SH,"WHITE,BLACK,RED,GREEN,BLUE, YELLOW,PINK,ORANGE","PP,METAL",CHAIR F2-63,"Chair, Structure Seat in PP , Legs in Metal",(L)62*(W)62*(H)83 cm Seat High: 44 cm,$19.50 ,? 171,? 154,$48.75 
Chair F2-64,4_Chair_64A_SH,4_Chair_64B_SH,"WHITE,BLACK,RED,GREEN,BLUE,YELLOW,PEACH,PINK","PP,WOOD,METAL",CHAIR F2-64,"Chair, Structure Seat in PP , Legs in Wood & Metal",(L)54*(W)47*(H)75 cm Seat High: 43 cm,$17.00 ,? 149,? 134,$42.50 
Chair F2-65,4_Chair_65A_SH,4_Chair_65B_SH 4_Chair_65C_SH,"WHITE,BLACK,RED,GREEN,BLUE, YELLOW","PP,METAL",CHAIR F2-65,"Chair, Structure Seat in PP , Legs in Metal",(L)54*(W)47*(H)75 cm Seat High: 43 cm,$17.00 ,? 149,? 134,$42.50 
Chair F2-66,4_Chair_66A_SH,/,"WHITE,BLACK,RED,GREEN,BLUE, YELLOW","PP,METAL",CHAIR F2-66,"Chair, Structure Seat in PP , Legs in Metal",/,$-,? 0,? 0,$-
Chair F2-67,4_Chair_67A_SH,4_Chair_67B_SH,"WHITE,BLACK,RED,GREEN,BLUE, YELLOW","PP,WOOD,METAL",CHAIR F2-67,"Chair, Structure Seat in PP , Legs in Wood & Metal",(L)53*(W)58*(H)75 cm Seat High: 44 cm,$18.50 ,? 162,? 146,$46.25 
Chair F2-68,4_Chair_68A_SH,/,"WHITE,BLACK,RED,GREEN,BLUE, YELLOW","PP,METAL",CHAIR F2-68,"Chair, Structure Seat in PP , Legs in Metal",(L)53*(W)57*(H)78 cm Seat High: 44 cm,$18.50 ,? 162,? 146,$46.25 
Chair F2-69,4_Chair_69A_SH,/,"WHITE,BLACK,RED,GREEN,BLUE, YELLOW","PP,WOOD,METAL",CHAIR F2-69,"Chair, Structure Seat in PP , Legs in Wood & Metal",(L)53*(W)59*(H)75 cm Seat High: 44 cm,$23.00 ,? 201,? 181,$57.50 
Chair F2-70,4_Chair_70A_SH,/,"WHITE,BLACK,RED,GREEN,BLUE, YELLOW","PP,METAL",CHAIR F2-70,"Chair, Structure Seat in PP , Legs in Metal",(L)53*(W)58*(H)75 cm Seat High: 44 cm,$18.50 ,? 162,? 146,$46.25 
Chair F2-71,4_Chair_71A_SH,4_Chair_71B_SH 4_Chair_71C_SH 4_Chair_71D_SH,"WHITE,BLACK,RED,ORANGE","PP,METAL",CHAIR F2-71,"Chair, Structure Seat in PP , Legs in Metal",(L)55*(W)64*(H)82 cm Seat High: 47 cm,$21.00 ,? 184,? 165,$52.50 
Chair F2-72,4_Chair_72A_SH,4_Chair_72B_SH,/,"PP,WOOD,METAL",CHAIR F2-72,"Chair, Structure Seat in PP , Legs in Wood & Metal",/,$-,? 0,? 0,$-
Chair F2-73,4_Chair_73A_SH,4_Chair_73B_SH,"WHITE,BLACK,RED,BLUE, YELLOW","PP,WOOD,METAL",CHAIR F2-73,"Chair, Structure Seat in PP , Legs in Wood & Metal",(L)49*(W)47*(H)78 cm Seat High: 46 cm,$26.00 ,? 228,? 205,$65.00 
Chair F2-74,4_Chair_74A_SH,/,/,"PP,METAL",CHAIR F2-74,"Chair, Structure Seat in PP , Legs in Wood & Metal",/,$-,? 0,? 0,$-
Chair F2-75,4_Chair_75A_SH,4_Chair_75B_SH,/,"PP,WOOD",CHAIR F2-75,"Chair, Structure Seat in PP , Legs in Wood",/,$-,? 0,? 0,$-
Chair F2-76,4_Chair_76A_SH,4_Chair_76B_SH,"WHITE,BLACK",ABS,CHAIR F2-76,"Chair, Structure Full ABS with Fabric Pillow",(L)52*(W)47*(H)79 cm Seat High: 47 cm,$45.00 ,? 394,? 354,$112.50 
Chair F2-77,4_Chair_77A_SH,4_Chair_77B_SH,"WHITE,BLACK",ABS,CHAIR F2-77,"Chair, Structure Full ABS with Fabric Pillow",(L)60*(W)69*(H)84 cm Seat High: 50 cm,$51.00 ,? 446,? 402,$127.50 
Chair F2-78,4_Chair_78A_SH,/,AS PICTURE,"PP,WOOD,FABRIC",CHAIR F2-78,"Chair, Structure Seat in PP cover with Fabric, Legs in Wood",(L)56*(W)61*(H)80 cm Seat High: 45 cm,$35.50 ,? 311,? 280,$88.75 
Chair F2-79,4_Chair_79A_SH,4_Chair_79B_SH 4_Chair_79C_SH 4_Chair_79D_SH 4_Chair_79E_SH 4_Chair_79F_SH 4_Chair_79G_SH,"WHITE,BLACK,RED,GREEN,BLUE,YELLOW,GREY,ORANGE",PP,CHAIR F2-79,"Chair, Structure Full PP",(L)51*(W)44*(H)84 cm Seat High: 45 cm,$14.00 ,? 123,? 110,$35.00 
Chair F2-80,4_Chair_80A_SH,4_Chair_80B_SH 4_Chair_80C_SH 4_Chair_80D_SH 4_Chair_80E_SH 4_Chair_80F_SH 4_Chair_80G_SH 4_Chair_80H_SH,"WHITE,BLACK,RED,GREEN,BLUE,YELLOW,GREY,ORANGE",PP,CHAIR F2-80,"Chair, Structure Full PP",(L)50*(W)47*(H)83 cm Seat High: 46 cm,$14.00 ,? 123,? 110,$35.00 
Chair F2-81,4_Chair_81A_SH,4_Chair_81B_SH 4_Chair_81C_SH 4_Chair_81D_SH 4_Chair_81E_SH 4_Chair_81F_SH 4_Chair_81G_SH,"WHITE,BLACK,RED,GREEN,BLUE,YELLOW,GREY,ORANGE",PP,CHAIR F2-81,"Chair, Structure Full PP",(L)50*(W)51*(H)73 cm Seat High: 45 cm,$18.00 ,? 158,? 142,$45.00 
Chair F2-82,4_Chair_82A_SH,4_Chair_82B_SH 4_Chair_82C_SH,"WHITE,BLACK,RED",PP,CHAIR F2-82,"Chair, Structure Full PP",(L)60*(W)50*(H)85 cm Seat High: 44 cm,$21.00 ,? 184,? 165,$52.50 
Chair F2-83,4_Chair_83A_SH,4_Chair_83B_SH 4_Chair_83C_SH 4_Chair_83D_SH 4_Chair_83E_SH 4_Chair_83F_SH 4_Chair_83G_SH 4_Chair_83H_SH,"WHITE,BLACK,RED,GREEN,BLUE,YELLOW,GREY,ORANGE",PP,CHAIR F2-83,"Chair, Structure Full PP",(L)49*(W)44*(H)85 cm Seat High: 44 cm,$15.50 ,? 136,? 122,$38.75 
Chair F2-84,4_Chair_84A_SH,4_Chair_84B_SH 4_Chair_84C_SH 4_Chair_84D_SH,"WHITE,BLACK,GREEN","WIRE,PU,WOOD",CHAIR F2-84,"Chair, Structure in Powder coating wire, Seat in PU cover",(L)53*(W)53*(H)84 cm Seat High: 44 cm,$36.20 ,? 317,? 285,$90.50 
Chair F2-85,4_Chair_85A_SH,4_Chair_85B_SH 4_Chair_85C_SH 4_Chair_85D_SH 4_Chair_85E_SH 4_Chair_85F_SH,"WHITE,BLACK,RED,GREEN,BLUE,YELLOW,GREY,ORANGE",PP,CHAIR F2-85,"Chair, Structure Full PP",(L)54*(W)41*(H)84 cm Seat High: 46 cm,$15.00 ,? 131,? 118,$37.50 
Chair F2-86,4_Chair_86A_SH,4_Chair_86B_SH 4_Chair_86C_SH 4_Chair_86D_SH 4_Chair_86E_SH,"WHITE,BLACK,RED,GREEN,BLUE,YELLOW,GREY,ORANGE",PP,CHAIR F2-86,"Chair, Structure Full PP",(L)55*(W)47*(H)80 cm Seat High: 44 cm,$15.00 ,? 131,? 118,$37.50 
Chair F2-87,4_Chair_87A_SH,/,/,"WOOD,ROPE",CHAIR F2-87,"Chair, Structure Birch Wood with Rope cover",(L)58*(W)55*(H)73 cm Seat High: 43 cm,$54.00 ,? 473,? 425,$135.00 
Chair F2-88,4_Chair_88A_SH,4_Chair_87B_SH,AS PICTURE,"WOOD,PU",CHAIR F2-88,"Chair, Structure Birch Wood with PU pillow seat",(L)55*(W)64*(H)76 cm Seat High: 46 cm,$60.00 ,? 525,? 473,$150.00 
Chair F2-90,4_Chair_90A_SH,/,/,"WOOD,PU",CHAIR F2-90,"Chair, Structure Ash Wood with PU pillow seat",(L)49*(W)57*(H)72 cm Seat High: 46 cm,$70.00 ,? 613,? 551,$175.00 
Chair F2-91,4_Chair_91A_SH,/,/,"WOOD,PU",CHAIR F2-91,"Chair, Structure Ash Wood with PU pillow seat",(L)52*(W)57*(H)74 cm Seat High: 46 cm,$60.00 ,? 525,? 473,$150.00 
Chair F2-92,4_Chair_92A_BT,/,Multi (Optins in Show Room),"FIBER GLASS,FABRIC",CHAIR F2-92,"Chair, Structure Fiber glass frame with Fabric cover",(L)69*(W)59*(H)77 cm,$136.00 ,"? 1,190","? 1,071",$340.00 
Chair F2-93,4_Chair_93A_BT,4_Chair_93B_BT 4_Chair_93C_BT 4_Chair_93D_BT,Multi (Optins in Show Room),"WOOD,PU",CHAIR F2-93,"Chair, Structure Ash Wood frame with PU seat pillow",(L)64*(W)54*(H)77 cm,$115.00 ,"? 1,006",? 906,$287.50 
Chair F2-94,4_Chair_94A_BT,/,Multi (Optins in Show Room),"STAINLESS STEEL,FABRIC",CHAIR F2-94,"Chair, Structure Stainless steel legs & PP seat with Fabric cover",(L)70*(W)68*(H)91 cm,$99.00 ,? 866,? 780,$247.50 
Chair F2-95,4_Chair_95A_BT,/,Multi (Optins in Show Room),"FIBER GLASS,FABRIC",CHAIR F2-95,"Chair, Structure Fiber glass frame with Fabric cover",(L)70*(W)66*(H)74 cm,$110.00 ,? 963,? 866,$275.00 
Chair F2-96,4_Chair_96A_BT,/,Multi (Optins in Show Room),"FIBER GLASS,FABRIC",CHAIR F2-96,"Chair, Structure Fiber glass frame with Fabric cover",(L)77*(W)62*(H)76 cm,$82.00 ,? 718,? 646,$205.00 
Chair F2-97,4_Chair_97A_BT,/,Multi (Optins in Show Room),"STAINLESS STEEL,PP,FABRIC",CHAIR F2-97,"Chair, Structure Stainless Steel base & PP seat with Fabric cover",(L)74*(W)63*(H)79 cm,$138.00 ,"? 1,208","? 1,087",$345.00 
Chair F2-98,4_Chair_98A_BT,/,Multi (Optins in Show Room),"STAINLESS STEEL,FABRIC",CHAIR F2-98,"Chair, Structure Stainless Steel with Fabric cover",(L)50*(W)52*(H)110 cm,$110.00 ,? 963,? 866,$275.00 
Chair F2-99,4_Chair_99A_BT,/,Multi (Optins in Show Room),"STAINLESS STEEL,FABRIC",CHAIR F2-99,"Chair, Structure Stainless Steel with Fabric cover",(L)50*(W)55*(H)94 cm,$68.00 ,? 595,? 536,$170.00 
Chair F2-100,4_Chair_100A_BT,/,Multi (Optins in Show Room),"STAINLESS STEEL,FABRIC",CHAIR F2-100,"Chair, Structure Stainless Steel with Fabric cover",(L)48*(W)55*(H)100 cm,$110.00 ,? 963,? 866,$275.00 
Chair F2-101,4_Chair_101A_BT,/,Multi (Optins in Show Room),"STAINLESS STEEL,FABRIC",CHAIR F2-101,"Chair, Structure Stainless Steel with Fabric cover",(L)48*(W)55*(H)98 cm,$105.00 ,? 919,? 827,$262.50 
Chair F2-102,4_Chair_102A_BT,/,/,/,CHAIR F2-102,/,/,$-,? 0,? 0,$-
Chair F2-103,4_Chair_103A_BT,/,Multi (Optins in Show Room),"STAINLESS STEEL,FABRIC",CHAIR F2-103,"Chair, Structure Stainless Steel with Fabric cover",(L)47*(W)55*(H)105 cm,$110.00 ,? 963,? 866,$275.00 
Chair F2-104,4_Chair_104A_BT,/,Multi (Optins in Show Room),"STAINLESS STEEL,PU",CHAIR F2-104,"Chair, Structure Stainless Steel (Chrome) with PU cover",(L)51*(W)77*(H)82 cm,$79.00 ,? 691,? 622,$197.50 
,,,Multi (Optins in Show Room),"STAINLESS STEEL,PU,LEATHER",CHAIR F2-104,"Chair, Structure Stainless Steel (Chrome) with Leather & PU cover",(L)51*(W)77*(H)82 cm,$121.00 ,"? 1,059",? 953,$302.50 
,,,Multi (Optins in Show Room),"STAINLESS STEEL,LEATHER",CHAIR F2-104,"Chair, Structure Stainless Steel (Chrome) with Leather cover",(L)51*(W)77*(H)82 cm,$161.00 ,"? 1,409","? 1,268",$402.50 
,,,Multi (Optins in Show Room),"STAINLESS STEEL,PU,ITALIAN LEATHER",CHAIR F2-104,"Chair, Structure Stainless Steel (Chrome) with Italian Leather & PU cover",(L)51*(W)77*(H)82 cm,$128.00 ,"? 1,120","? 1,008",$320.00 
,,,Multi (Optins in Show Room),"STAINLESS STEEL,ITALIAN LEATHER",CHAIR F2-104,"Chair, Structure Stainless Steel (Chrome) with Italian Leather cover",(L)51*(W)77*(H)82 cm,$178.00 ,"? 1,558","? 1,402",$445.00 
Chair F2-105,4_Chair_105A_BT,/,Multi (Optins in Show Room),"STAINLESS STEEL,PU",CHAIR F2-105,"Chair, Structure Stainless Steel with PU cover",(L)45*(W)61*(H)94 cm,$53.00 ,? 464,? 417,$132.50 
Chair F2-106,4_Chair_106A_BT,/,Multi (Optins in Show Room),"STAINLESS STEEL,PU",CHAIR F2-106,"Chair, Structure Stainless Steel with PU cover",(L)60*(W)45*(H)95 cm,$80.00 ,? 700,? 630,$200.00 
Chair F2-107,4_Chair_107A_BT,/,/,/,CHAIR F2-107,/,/,$-,? 0,? 0,$-
Chair F2-108,4_Chair_108A_BT,/,Multi (Optins in Show Room),"STAINLESS STEEL,PU",CHAIR F2-108,"Chair, Structure Stainless Steel with PU cover",(L)47*(W)53*(H)88 cm,$62.00 ,? 543,? 488,$155.00 
Chair F2-109,4_Chair_109A_BT,/,Multi (Optins in Show Room),"STAINLESS STEEL,PU/FABRIC",CHAIR F2-109,"Chair, Structure Stainless Steel with PU/Fabric cover",(L)47*(W)58*(H)80 cm,$62.00 ,? 543,? 488,$155.00 
Chair F2-110,4_Chair_110A_BT,/,Multi (Optins in Show Room),"STAINLESS STEEL,PU/FABRIC",CHAIR F2-110,"Chair, Structure Stainless Steel with PU/Fabric cover",(L)47*(W)58*(H)80 cm,$62.00 ,? 543,? 488,$155.00 
Chair F2-111,4_Chair_111A_BT,/,Multi (Optins in Show Room),"STAINLESS STEEL,PU",CHAIR F2-111,"Chair, Structure Stainless Steel (Chrome) with PU cover",(L)56*(W)57*(H)88 cm,$98.00 ,? 858,? 772,$245.00 
,,,Multi (Optins in Show Room),"STAINLESS STEEL,PU,LEATHER",CHAIR F2-111,"Chair, Structure Stainless Steel (Chrome) with Leather & PU cover",(L)56*(W)57*(H)88 cm,$126.00 ,"? 1,103",? 992,$315.00 
,,,Multi (Optins in Show Room),"STAINLESS STEEL,LEATHER",CHAIR F2-111,"Chair, Structure Stainless Steel (Chrome) with Leather cover",(L)56*(W)57*(H)88 cm,$148.00 ,"? 1,295","? 1,166",$370.00 
,,,Multi (Optins in Show Room),"STAINLESS STEEL,PU,ITALIAN LEATHER",CHAIR F2-111,"Chair, Structure Stainless Steel (Chrome) with Italian Leather & PU cover",(L)56*(W)57*(H)88 cm,$131.00 ,"? 1,146","? 1,032",$327.50 
,,,Multi (Optins in Show Room),"STAINLESS STEEL,ITALIAN LEATHER",CHAIR F2-111,"Chair, Structure Stainless Steel (Chrome) with Italian Leather cover",(L)56*(W)57*(H)88 cm,$156.00 ,"? 1,365","? 1,229",$390.00 
Chair F2-112,4_Chair_112A_BT,4_Chair_112B_BT 4_Chair_112C_BT,Multi (Optins in Show Room),"STAINLESS STEEL,LEATHER",CHAIR F2-112,"Chair, Structure Stainless Steel with Leather cover",(L)77*(W)74*(H)82 cm,$248.00 ,"? 2,170","? 1,953",$620.00 
,,,Multi (Optins in Show Room),"STAINLESS STEEL,PONY LEATHER",CHAIR F2-112,"Chair, Structure Stainless Steel with Pony Leather cover",(L)77*(W)74*(H)82 cm,$108.00 ,? 945,? 851,$270.00 
Chair F2-113,4_Chair_113A_BT,4_Chair_113B_BT 4_Chair_113C_BT 4_Chair_113D_BT,Multi (Optins in Show Room),"ALUMINIUM,PU",CHAIR F2-113,"Chair, Structure Aluminium legs with PU cover",/,$268.00 ,"? 2,345","? 2,111",$670.00 
,,,,"ALUMINIUM,LEATHER",CHAIR F2-113,"Chair, Structure Aluminium legs with Leather cover",/,$317.00 ,"? 2,774","? 2,496",$792.50 
Chair F2-114,4_Chair_114A_BT,4_Chair_114B_BT 4_Chair_114C_BT 4_Chair_114D_BT 4_Chair_114E_BT 4_Chair_114F_BT 4_Chair_114G_BT 4_Chair_114H_BT 4_Chair_114I_BT 4_Chair_114J_BT 4_Chair_114K_BT 4_Chair_114L_BT,Multi (Optins in Show Room),"PAINTED IRON,FABRIC,PP",CHAIR F2-114,"Chair, Structure PP & Painted Iron legs with Fabric cover",(L)62*(W)58*(H)87 cm,$265.00 ,"? 2,319","? 2,087",$662.50 
Chair F2-115,4_Chair_115A_BT,/,Multi (Optins in Show Room),"STAINLESS STEEL,PU",CHAIR F2-115,"Chair, Structure Stainless Steel with PU cover",(L)46*(W)57*(H)104 cm,$55.00 ,? 481,? 433,$137.50 
Chair F2-116,4_Chair_116A_BT,/,Multi (Optins in Show Room),"STAINLESS STEEL,PU",CHAIR F2-116,"Chair, Structure Stainless Steel with PU cover",(L)46*(W)56*(H)98 cm,$64.00 ,? 560,? 504,$160.00 
Chair F2-117,4_Chair_117A_BT,4_Chair_117B_BT,Multi (Optins in Show Room),"ASH WOOD,ROPE",CHAIR F2-117,"Chair, Structure Ash Wood with Rope cover",(L)49*(W)44*(H)75 cm,$98.00 ,? 858,? 772,$245.00 
Chair F2-118,4_Chair_118A_BT,/,Multi (Optins in Show Room),"STAINLESS STEEL,PU",CHAIR F2-118,"Chair, Structure Stainless Steel with PU cover",(L)45*(W)53*(H)81 cm,$45.00 ,? 394,? 354,$112.50 
Chair F2-119,4_Chair_119A_BT,4_Chair_119B_BT,Multi (Optins in Show Room),"STAINLESS STEEL,WALNUT,PU",CHAIR F2-119,"Chair, Structure Ply Wood with Walnut Vanner & Stainless Steel legs with PU cover",(L)59*(W)60*(H)89 cm,$195.00 ,"? 1,706","? 1,536",$487.50 
,,,Multi (Optins in Show Room),"STAINLESS STEEL,WALNUT,LEATHER",CHAIR F2-119,"Chair, Structure Ply Wood with Walnut Vanner & Stainless Steel legs with Leather cover",(L)59*(W)60*(H)89 cm,$219.00 ,"? 1,916","? 1,725",$547.50 
,,,Multi (Optins in Show Room),"STAINLESS STEEL,WALNUT,ITALIAN LEATHER",CHAIR F2-119,"Chair, Structure Ply Wood with Walnut Vanner & Stainless Steel legs with Italian Leather cover",(L)59*(W)60*(H)89 cm,$256.00 ,"? 2,240","? 2,016",$640.00 
Chair F2-120,4_Chair_120A_BT,/,Multi (Optins in Show Room),"IRON(CHROME),PU",CHAIR F2-120,"Chair, Structure Iron (Chrome) with PU cover",(L)83*(W)67*(H)84 cm,$53.00 ,? 464,? 417,$132.50 
Chair F2-121,4_Chair_121A_BT,/,Multi (Optins in Show Room),"IRON(CHROME),PU",CHAIR F2-121,"Chair, Structure Iron (Chrome) with PU cover",(L)52*(W)49*(H)86 cm,$40.00 ,? 350,? 315,$100.00 
Chair F2-122,4_Chair_122A_BT,/,Multi (Optins in Show Room),"IRON(CHROME),PU",CHAIR F2-122,"Chair, Structure Iron (Chrome) with PU cover",(L)55*(W)56*(H)83 cm,$39.00 ,? 341,? 307,$97.50 
Chair F2-123,4_Chair_123A_BT,/,Multi (Optins in Show Room),"STAINLESS STEEL(BLACK),PU",CHAIR F2-123,"Chair, StructureStainless Steel (BLACK) with PU cover",(L)82*(W)64*(H)75 cm,$199.00 ,"? 1,741","? 1,567",$497.50 
Chair F2-124,4_Chair_124A_BT,/,Multi (Optins in Show Room),"STAINLESS STEEL(GOLD),PU",CHAIR F2-124,"Chair, StructureStainless Steel (GOLD) with PU cover",(L)82*(W)64*(H)75 cm,$220.00 ,"? 1,925","? 1,733",$550.00 
Chair F2-125,4_Chair_125A_BT,/,Multi (Optins in Show Room),"STAINLESS STEEL(CHROME),PU",CHAIR F2-125,"Chair, Structure Stainless Steel (Chrome) with PU cover",(L)63*(D)73*(H)74 cm,$77.00 ,? 674,? 606,$192.50 
,,,Multi (Optins in Show Room),"STAINLESS STEEL(CHROME),LEATHER",CHAIR F2-125,"Chair, Structure Stainless Steel (Chrome) with Leather cover",(L)63*(D)73*(H)74 cm,$109.00 ,? 954,? 858,$272.50 
,,,Multi (Optins in Show Room),"STAINLESS STEEL(CHROME),ITALIAN LEATHER",CHAIR F2-125,"Chair, Structure Stainless Steel (Chrome) with Italian Leather cover",(L)63*(D)73*(H)74 cm,$114.00 ,? 998,? 898,$285.00 
Chair F2-126,4_Chair_126A_SW,4_Chair_126B_SW 4_Chair_126C_SW 4_Chair_126D_SW 4_Chair_126E_SW 4_Chair_126F_SW 4_Chair_126G_SW 4_Chair_126H_SW 4_Chair_126I_SW,"WOOD,WHITE","WOOD,PP",CHAIR F2-126,"Chair, Structure Wood & PP",/,$-,? 0,? 0,$-
Chair F2-127,4_Chair_127A_SW,4_Chair_127B_SW 4_Chair_127C_SW 4_Chair_127D_SW 4_Chair_127E_SW 4_Chair_127F_SW 4_Chair_127G_SW 4_Chair_127H_SW 4_Chair_127I_SW,AS PICTURE,"WOOD,PU",CHAIR F2-127,"Chair, Structure Wood with PU cover",/,$-,? 0,? 0,$-
Chair F2-128,4_Chair_128A_SW,4_Chair_128B_SW 4_Chair_128C_SW 4_Chair_128D_SW 4_Chair_128E_SW 4_Chair_128F_SW 4_Chair_128G_SW 4_Chair_128H_SW 4_Chair_128I_SW 4_Chair_128J_SW 4_Chair_128K_SW 4_Chair_128L_SW,WHITE,"METAL,PP",CHAIR F2-128,"Chair, Structure PP & Painted Iron legs",(L)58*(D)61*(H)76 cm Seat High: 47 cm,$47.00 ,? 411,? 370,$117.50 
Chair F2-129,4_Chair_129A_SW,4_Chair_129B_SW 4_Chair_129C_SW,AS PICTURE,"METAL,PP,FABRIC",CHAIR F2-129,"Chair, Structure PP & Metal legs with Fabric cover",(L)56*(D)49*(H)83 cm Seat High: 46 cm,$42.00 ,? 368,? 331,$105.00 
Chair F2-130,4_Chair_130A_SW,/,"BLACK,WHITE,YELLOW,BLUE,RED","WOOD,PP",CHAIR F2-130,"Chair, Structure PP & Wood legs with Fabric cover",(L)53*(D)46*(H)85 cm Seat High: 46 cm,$36.00 ,? 315,? 284,$90.00 
Chair F2-131,4_Chair_131A_SW,4_Chair_131B_SW,Multi (Optins in Show Room),"WOOD,PP,FABRIC",CHAIR F2-131,"Chair, Structure PP & Wood legs with Fabric cover",(L)61*(D)55*(H)76 cm Seat High: 45 cm,$93.00 ,? 814,? 732,$232.50 
Chair F2-132,4_Chair_132B_SW,4_Chair_132A_SW 4_Chair_132C_SW,Multi (Optins in Show Room),"WOOD,PP,FABRIC",CHAIR F2-132,"Chair, Structure PP & Wood legs with Fabric cover",(L)55*(D)55*(H)87 cm Seat High: 48 cm,$90.00 ,? 788,? 709,$225.00 
Chair F2-133,4_Chair_133A_SW,4_Chair_133B_SW 4_Chair_133C_SW 4_Chair_133D_SW 4_Chair_133E_SW 4_Chair_133F_SW 4_Chair_133G_SW,"WOOD,WHITE","WOOD,PP",CHAIR F2-133,"Chair, Structure PP & Wood legs",/,$-,? 0,? 0,$-
Chair F2-134,4_Chair_134A_SW,4_Chair_134B_SW 4_Chair_134C_SW 4_Chair_134D_SW 4_Chair_134E_SW 4_Chair_134F_SW 4_Chair_134G_SW,AS PICTURE,"WOOD,PP,FABRIC",CHAIR F2-134,"Chair, Structure PP & Wood legs with Fabric cover",/,$-,? 0,? 0,$-
Chair F2-135,4_Chair_135A_SW,4_Chair_135B_SW 4_Chair_135C_SW 4_Chair_135D_SW 4_Chair_135E_SW 4_Chair_135F_SW 4_Chair_135G_SW 4_Chair_135H_SW 4_Chair_135I_SW,WHITE,"ALUMINIUM,PP",CHAIR F2-135,"Chair, Structure PP & Aluminium legs",/,$-,? 0,? 0,$-
Chair F2-136,4_Chair_136A_SW,4_Chair_136B_SW 4_Chair_136C_SW 4_Chair_136D_SW 4_Chair_136E_SW 4_Chair_136F_SW 4_Chair_136G_SW 4_Chair_136H_SW 4_Chair_136I_SW 4_Chair_136J_SW 4_Chair_136K_SW,/,"ALUMINIUM,PP",CHAIR F2-136,"Chair, Structure PP & Aluminium legs",/,$-,? 0,? 0,$-
Chair F2-137,4_Chair_137A_SW,/,AS PICTURE,"METAL,PP,FABRIC",CHAIR F2-137,"Chair, Structure PP & Metal legs with Fabric cover",(L)54*(D)63*(H)81 cm Seat High: 47 cm,$26.00 ,? 228,? 205,$65.00 
Chair F2-138,4_Chair_138A_SW,4_Chair_138B_SW 4_Chair_138C_SW 4_Chair_138D_SW 4_Chair_138E_SW 4_Chair_138F_SW 4_Chair_138G_SW 4_Chair_138H_SW,AS PICTURE,"WOOD,PU",CHAIR F2-138,"Chair, Structure Wood & Walnut legs with PU cover",(L)44*(D)44*(H)76 cm Seat High: 43 cm,$56.00 ,? 490,? 441,$140.00 
Chair F2-139,4_Chair_139A_SW,4_Chair_139B_SW 4_Chair_139C_SW 4_Chair_139D_SW,WHITE,"ALUMINIUM,PP",CHAIR F2-139,"Chair, Structure PP & Aluminium legs",/,$-,? 0,? 0,$-
Chair F2-140,4_Chair_140A_SW,/,"white,lime,light grey,light yellow,beige,coffee,red,black",PP,CHAIR F2-140,"Chair, Structure Full PP",(L)60*(D)57*(H)78 cm Seat High: 44 cm,$24.00 ,? 210,? 189,$60.00 
Chair F2-141,4_Chair_141B_SW,4_Chair_141A_SW 4_Chair_141C_SW 4_Chair_141D_SW 4_Chair_141E_SW 4_Chair_141F_SW 4_Chair_141G_SW 4_Chair_141H_SW 4_Chair_141I_SW 4_Chair_141JSW 4_Chair_141K_SW 4_Chair_141L_SW 4_Chair_141M_SW 4_Chair_141N_SW,/,"METAL,PP",CHAIR F2-141,"Chair, Structure PP & Metal legs with Fabric cover",(L)56*(D)58*(H)80 cm Seat High: 46.5 cm,$22.00 ,? 193,? 173,$55.00 
Chair F2-142,4_Chair_142A_SW,4_Chair_142B_SW 4_Chair_142C_SW 4_Chair_142D_SW 4_Chair_142E_SW 4_Chair_142F_SW 4_Chair_142G_SW,AS PICTURE,"WOOD,PP,FABRIC",CHAIR F2-142,"Chair, Structure PP & Wood legs with Fabric cover",/,$-,? 0,? 0,$-
Chair F2-143,4_Chair_143A_SW,4_Chair_143B_SW 4_Chair_143C_SW 4_Chair_143D_SW 4_Chair_143E_SW,/,/,CHAIR F2-143,/,/,$-,? 0,? 0,$-
Chair F2-144,4_Chair_144A_SW,4_Chair_144B_SW 4_Chair_144C_SW 4_Chair_144D_SW 4_Chair_144E_SW,/,"PP,FABRIC",CHAIR F2-144,"Chair, Structure PP with Fabric cover",(L)56*(D)58*(H)80 cm Seat High: 46.5 cm,$90.00 ,? 788,? 709,$225.00 
Chair F2-145,4_Chair_145A_SW,4_Chair_145B_SW 4_Chair_145C_SW 4_Chair_145D_SW 4_Chair_145E_SW 4_Chair_145F_SW,AS PICTURE,"WOOD,PP,FABRIC",CHAIR F2-145,"Chair, Structure PP & Wood legs with Fabric cover",(L)61*(D)62*(H)80 cm Seat High: 45 cm,$44.00 ,? 385,? 347,$110.00 
Chair F2-146,4_Chair_146B_SW,4_Chair_146A_SW 4_Chair_146C_SW 4_Chair_146D_SW 4_Chair_146E_SW,WOOD,"WOOD,PU",CHAIR F2-146,"Chair, Structure Wood with PU cover",(L)58*(D)46*(H)108 cm Seat High: 48 cm,$68.00 ,? 595,? 536,$170.00 
Chair F2-147,4_Chair_147A_SW,4_Chair_147B_SW 4_Chair_147C_SW 4_Chair_147D_SW,AS PICTURE,"WOOD,PU",CHAIR F2-147,"Chair, Structure Wood with PU cover",(L)46*(D)51*(H)82 cm Seat High: 47 cm,$79.00 ,? 691,? 622,$197.50 
Chair F2-148,4_Chair_148A_SW,4_Chair_148B_SW 4_Chair_148C_SW 4_Chair_148D_SW 4_Chair_148E_SW,AS PICTURE,"WOOD,ROPE",CHAIR F2-148,"Chair, Structure Wood with Rope cover",/,$-,? 0,? 0,$-
Chair F2-149,4_Chair_149A_SW,/,AS PICTURE,"PP,FABRIC",CHAIR F2-149,"Chair, Structure PP with Fabric cover",(L)58*(D)49*(H)87 cm Seat High: 45 cm,$44.00 ,? 385,? 347,$110.00 
Chair F2-150,4_Chair_150A_SW,/,AS PICTURE,"METAL,PP,FABRIC",CHAIR F2-150,"Chair, Structure PP & Metal legs with Fabric cover",(L)54*(D)63*(H)81 cm Seat High: 47 cm,$26.00 ,? 228,? 205,$65.00 
Chair F2-151,4_Chair_151A_SW,4_Chair_151B_SW 4_Chair_151C_SW 4_Chair_151D_SW 4_Chair_151E_SW 4_Chair_151F_SW 4_Chair_151G_SW 4_Chair_151H_SW 4_Chair_151I_SW,/,PP,CHAIR F2-151,"Chair, Structure Full PP",(L)52*(D)50*(H)71 cm,$-,? 0,? 0,$-
Chair F2-153,4_Chair_153A_SW,4_Chair_153B_SW 4_Chair_153C_SW 4_Chair_153D_SW 4_Chair_153E_SW 4_Chair_153F_SW 4_Chair_153G_SW 4_Chair_153H_SW 4_Chair_153J_SW 4_Chair_153K_SW,/,"WOOD,PP",CHAIR F2-152,"Chair, Structure PP with Wood legs",(L)52*(D)50*(H)71 cm,$-,? 0,? 0,$-
Chair F2-154,4_Chair_154A_SW,4_Chair_154B_SW 4_Chair_154C_SW 4_Chair_154D_SW 4_Chair_154E_SW 4_Chair_154F_SW 4_Chair_154G_SW 4_Chair_154H_SW 4_Chair_154I_SW 4_Chair_154J_SW 4_Chair_154K_SW 4_Chair_154L_SW 4_Chair_154M_SW 4_Chair_154N_SW 4_Chair_154O_SW,/,PP,CHAIR F2-153,"Chair, Structure Full PP",(L)54*(D)52*(H)81 cm,$-,? 0,? 0,$-
Chair F2-155,4_Chair_155A_SW,4_Chair_155B_SW 4_Chair_155C_SW 4_Chair_155D_SW 4_Chair_155E_SW 4_Chair_155F_SW,/,"METAL,PP",CHAIR F2-154,"Chair, Structure Full PP with Metal legs",(L)50*(D)56*(H)82 cm Seat High: 45 cm,$-,? 0,? 0,$-
Chair F2-156,4_Chair_156A_SW,4_Chair_156B_SW 4_Chair_156C_SW 4_Chair_156D_SW 4_Chair_156E_SW 4_Chair_156F_SW 4_Chair_156G_SW 4_Chair_156H_SW,/,"METAL,PP",CHAIR F2-155,"Chair, Structure Full PP with Metal legs",/,$-,? 0,? 0,$-
Chair F2-157,4_Chair_157A_SW,4_Chair_157B_SW 4_Chair_157C_SW 4_Chair_157D_SW 4_Chair_157E_SW 4_Chair_157F_SW,/,"METAL,PP",CHAIR F2-156,"Chair, Structure Full PP with Metal legs",(L)55*(D)49*(H)82 cm Seat High: 45 cm,$-,? 0,? 0,$-
Chair F2-158,4_Chair_158A_SW,4_Chair_158B_SW 4_Chair_158C_SW 4_Chair_158D_SW 4_Chair_158E_SW 4_Chair_158F_SW,/,"WOOD,PP",CHAIR F2-157,"Chair, Structure Full PP with Wood legs",(L)55*(D)49*(H)82 cm Seat High: 45 cm,$-,? 0,? 0,$-
Chair F2-159,4_Chair_159A_SW,4_Chair_159B_SW 4_Chair_159C_SW 4_Chair_159D_SW 4_Chair_159E_SW 4_Chair_159F_SW 4_Chair_159G_SW,/,"METAL,PP",CHAIR F2-158,"Chair, Structure Full PP with Wood legs",(L)57*(D)53*(H)77 cm Seat High: 45 cm,$-,? 0,? 0,$-
Chair F2-160,4_Chair_160A_SW,4_Chair_160B_SW 4_Chair_160C_SW 4_Chair_160D_SW 4_Chair_160E_SW 4_Chair_160F_SW 4_Chair_160G_SW 4_Chair_160H_SW 4_Chair_160I_SW,/,PP,CHAIR F2-160,"Chair, Structure Full PP",(L)49*(D)50*(H)80 cm Seat High: 45 cm,$-,? 0,? 0,$-
Chair F2-161,4_Chair_161C_SW,4_Chair_161B_SW 4_Chair_161A_SW 4_Chair_161D_SW 4_Chair_161E_SW 4_Chair_161F_SW 4_Chair_161G_SW 4_Chair_161H_SW 4_Chair_161I_SW 4_Chair_161J_SW 4_Chair_161K_SW 4_Chair_161L_SW,"WHITE,BLACK","WOOD,PP",CHAIR F2-161,"Chair, Structure Wood with PP seat",(L)56*(D)61*(H)76 cm,$-,? 0,? 0,$-
Chair F2-162,4_Chair_162A_SW,4_Chair_162B_SW 4_Chair_162C_SW 4_Chair_162D_SW,AS PICTURE,"WOOD,FABRIC",CHAIR F2-162,"Chair, Structure Wood with Fabric cover",(L)49*(D)46*(H)62 cm Seat High: 31 cm,$-,? 0,? 0,$-
Chair F2-163,4_Chair_163A_SW,4_Chair_163B_SW 4_Chair_163C_SW 4_Chair_163D_SW,AS PICTURE,"WOOD,PP",CHAIR F2-163,"Chair, Structure Wood with PP seat",(L)42*(D)41*(H)79 cm,$-,? 0,? 0,$-
Chair F2-164,4_Chair_164A_SW,4_Chair_164B_SW 4_Chair_164C_SW 4_Chair_164D_SW 4_Chair_164E_SW,/,PC,CHAIR F2-164,"Chair, Structure Full PC",(L)59*(D)56*(H)82 cm Seat High: 46 cm,$35.00 ,? 306,? 276,$87.50 
Chair F2-165,4_Chair_165A_SW,4_Chair_165B_SW 4_Chair_165C_SW 4_Chair_165D_SW 4_Chair_165E_SW 4_Chair_165F_SW 4_Chair_165G_SW 4_Chair_165H_SW,"CLEAR,SMOKE GREY",PC,CHAIR F2-165,"Chair, Structure Full PC",(L)56*(D)46*(H)78 cm Seat High: 43 cm,$36.00 ,? 315,? 284,$90.00 
Chair F2-166,4_Chair_166A_SW,4_Chair_166B_SW 4_Chair_166C_SW 4_Chair_166D_SW 4_Chair_166E_SW 4_Chair_166F_SW 4_Chair_166G_SW 4_Chair_166H_SW,/,PC,CHAIR F2-166,"Chair, Structure Full PC",(L)56*(D)46*(H)78 cm Seat High: 43 cm,$36.00 ,? 315,? 284,$90.00 
Chair F2-167,4_Chair_167A_SW,4_Chair_167B_SW 4_Chair_167C_SW 4_Chair_167D_SW,AS PICTURE,/,CHAIR F2-167,/,(L)54*(D)46*(H)83 cm Seat High: 46 cm,$-,? 0,? 0,$-
Chair F2-168,4_Chair_168A_SW,4_Chair_168B_SW,AS PICTURE,/,CHAIR F2-168,/,(L)54*(D)46*(H)82 cm Seat High: 46 cm,$-,? 0,? 0,$-
Chair F2-169,4_Chair_169A_SW,4_Chair_169B_SW 4_Chair_169C_SW 4_Chair_169D_SW 4_Chair_169E_SW 4_Chair_169F_SW,/,PP,CHAIR F2-169,"Chair, Structure Full PP",(L)54*(D)45*(H)88 cm Seat High: 46 cm,$20.00 ,? 175,? 158,$50.00 
Chair F2-170,4_Chair_170A_SW,4_Chair_170B_SW 4_Chair_170C_SW 4_Chair_170D_SW,/,PC,CHAIR F2-170,"Chair, Structure Full PC",(L)54*(D)45*(H)88 cm Seat High: 46 cm,$37.00 ,? 324,? 291,$92.50 
Chair F2-171,4_Chair_171A_SW,4_Chair_171B_SW 4_Chair_171C_SW 4_Chair_171D_SW 4_Chair_171E_SW,/,PP,CHAIR F2-171,"Chair, Structure Full PP",(L)58*(D)60*(H)73 cm Seat High: 42 cm,$22.00 ,? 193,? 173,$55.00 
Chair F2-172,4_Chair_172A_SW,4_Chair_172B_SW 4_Chair_172C_SW 4_Chair_172D_SW,/,ALUMINIUM,CHAIR F2-172,"Chair, Structure Aluminium",(L)56*(D)47*(H)79 cm Seat High: 44 cm,$52.00 ,? 455,? 410,$130.00 
Chair F2-173,4_Chair_173A_SW,4_Chair_173B_SW 4_Chair_173C_SW 4_Chair_173D_SW 4_Chair_173E_SW,white/beige/light yellow/light grey/lime,PP,CHAIR F2-173,"Chair, Structure Full PP",(L)53*(D)57*(H)81 cm Seat High: 46 cm,$29.00 ,? 254,? 228,$72.50 
Chair F2-174,4_Chair_174A_SW,4_Chair_174B_SW 4_Chair_174C_SW,white/beige/light yellow/light grey/lime,PP,CHAIR F2-174,"Chair, Structure Full PP",(L)53*(D)57*(H)81 cm Seat High: 46 cm,$29.00 ,? 254,? 228,$72.50 
Chair F2-175,4_Chair_175A_SW,4_Chair_175B_SW 4_Chair_175C_SW 4_Chair_175D_SW 4_Chair_175E_SW 4_Chair_175F_SW 4_Chair_175G_SW,"BLACK,WHITE,GREY",PP,CHAIR F2-175,"Chair, Structure Full PP",(L)53*(D)54*(H)87 cm Seat High: 45 cm,$26.00 ,? 228,? 205,$65.00 
Chair F2-176,4_Chair_176A_SW,4_Chair_176B_SW 4_Chair_176C_SW 4_Chair_176D_SW 4_Chair_176E_SW 4_Chair_176F_SW,white/beige/light yellow/light grey/lime,PP,CHAIR F2-176,"Chair, Structure Full PP",(L)53*(D)48*(H)81 cm Seat High: 46 cm,$29.00 ,? 254,? 228,$72.50 
Chair F2-177,4_Chair_177A_SW,4_Chair_177B_SW 4_Chair_177C_SW 4_Chair_177D_SW,white/beige/light yellow/light grey/lime,PP,CHAIR F2-177,"Chair, Structure Full PP",(L)53*(D)48*(H)81 cm Seat High: 46 cm,$28.00 ,? 245,? 221,$70.00 
Chair F2-178,4_Chair_178B_SW,4_Chair_178A_SW 4_Chair_178C_SW 4_Chair_178D_SW 4_Chair_178E_SW,AS PICTURE,"WOOD,PP,FABRIC",CHAIR F2-178,"Chair, Structure PP with Fabric cover & Wood legs",(L)63*(D)67*(H)82 cm Seat High: 46 cm,$69.00 ,? 604,? 543,$172.50 
Chair F2-179,4_Chair_179A_SW,4_Chair_179B_SW 4_Chair_179B_SW 4_Chair_179C_SW 4_Chair_179D_SW,AS PICTURE,"WOOD,PP,FABRIC",CHAIR F2-179,"Chair, Structure PP with Fabric cover & Wood legs",(L)63*(D)67*(H)82 cm Seat High: 46 cm,$69.00 ,? 604,? 543,$172.50 
,4_Chair_179G_SW,4_Chair_179F_SW 4_Chair_179H_SW 4_Chair_179I_SW 4_Chair_179J_SW 4_Chair_179P_SW 4_Chair_179Q_SW 4_Chair_179R_SW 4_Chair_179S_SW 4_Chair_179T_SW,AS PICTURE,"WOOD,PP,FABRIC",CHAIR F2-179,"Chair, Structure PP with Fabric cover & Wood legs",(L)63*(D)67*(H)82 cm Seat High: 46 cm,$69.00 ,? 604,? 543,$172.50 
,4_Chair_179L_SW,4_Chair_179K_SW 4_Chair_179M_SW 4_Chair_179N_SW 4_Chair_179O_SW,AS PICTURE,"WOOD,PP,FABRIC",CHAIR F2-179,"Chair, Structure PP with Fabric cover & Wood legs",(L)63*(D)67*(H)82 cm Seat High: 46 cm,$69.00 ,? 604,? 543,$172.50 
,4_Chair_179V_SW,4_Chair_179U_SW 4_Chair_179W_SW 4_Chair_179X_SW 4_Chair_179Y_SW,AS PICTURE,"WOOD,PP,FABRIC",CHAIR F2-179,"Chair, Structure PP with Fabric cover & Wood legs",(L)63*(D)67*(H)82 cm Seat High: 46 cm,$69.00 ,? 604,? 543,$172.50 
Chair F2-180,4_Chair_180A_SW,4_Chair_180B_SW 4_Chair_180C_SW 4_Chair_180D_SW 4_Chair_180E_SW,AS PICTURE,"WOOD,PP,FABRIC",CHAIR F2-180,"Chair, Structure PP with Fabric cover & Wood legs",(L)63*(D)67*(H)82 cm Seat High: 46 cm,$69.00 ,? 604,? 543,$172.50 
Chair F2-181,4_Chair_181A_SW,4_Chair_181B_SW 4_Chair_181C_SW,AS PICTURE,"WOOD,PU",CHAIR F2-181,"Chair, Structure Wood with PU cover",(L)59*(D)49*(H)75 cm Seat High: 45 cm,$63.00 ,? 551,? 496,$157.50 
Chair F2-182,4_Chair_182A_SW,4_Chair_182B_SW,AS PICTURE,"WOOD,PU",CHAIR F2-182,"Chair, Structure Wood with PU cover",(L)59*(D)58*(H)79 cm Seat High: 45 cm,$85.00 ,? 744,? 669,$212.50 
Chair F2-183,4_Chair_183A_SW,4_Chair_183B_SW 4_Chair_183C_SW 4_Chair_183D_SW 4_Chair_183E_SW 4_Chair_183F_SW 4_Chair_183G_SW 4_Chair_183H_SW 4_Chair_183I_SW 4_Chair_183J_SW,"CLEAR,SMOKE GREY",PC,CHAIR F2-183,"Chair, Structure Full PC",(L)53*(D)39*(H)84 cm Seat High: 47 cm,$44.00 ,? 385,? 347,$110.00 
Chair F2-184,4_Chair_184A_SW,4_Chair_184B_SW 4_Chair_184C_SW,Multi (Optins in Show Room),"WOOD,PU",CHAIR F2-184,"Chair, Structure Wood with PU cover",(L)61*(D)50*(H)82 cm Seat High: 45 cm,$99.00 ,? 866,? 780,$247.50 
Chair F2-185,4_Chair_185A_SW,4_Chair_185B_SW 4_Chair_185C_SW 4_Chair_185D_SW 4_Chair_185E_SW 4_Chair_185F_SW,/,"METAL,PC",CHAIR F2-185,"Chair, Structure PC with Metal legs",(L)62*(D)62*(H)79 cm Seat High: 49 cm,$53.00 ,? 464,? 417,$132.50 
Chair F2-186,4_Chair_186A_SW,4_Chair_186B_SW,WOOD,WOOD,CHAIR F2-186,"Chair, Structure Wood",(L)52*(D)49*(H)85 cm Seat High: 45 cm,$-,? 0,? 0,$-
Chair F2-187,4_Chair_187A_SW,4_Chair_187B_SW,/,"METAL,WOOD",CHAIR F2-187,"Chair, Structure Wood & Metal",(L)51*(D)48*(H)77 cm Seat High: 44 cm,$-,? 0,? 0,$-
Chair F2-188,4_Chair_188A_SW,4_Chair_188B_SW 4_Chair_188C_SW 4_Chair_188D_SW 4_Chair_188E_SW,/,"WOOD,PU",CHAIR F2-188,"Chair, Structure Wood with PU cover",(L)57*(D)49*(H)89 cm Seat High: 49 cm,$-,? 0,? 0,$-
Chair F2-189,4_Chair_189A_SW,4_Chair_189B_SW 4_Chair_189C_SW 4_Chair_189D_SW 4_Chair_189E_SW,/,PP,CHAIR F2-189,"Chair, Structure Full PP",(L)55*(D)52*(H)82 cm Seat High: 46 cm,$19.00 ,? 166,? 150,$47.50 
Chair F2-190,4_Chair_190A_SW,4_Chair_190B_SW 4_Chair_190C_SW,WHITE/WOOD,WOOD,CHAIR F2-190,"Chair, Structure Wood",(L)54*(D)51*(H)93 cm Seat High: 46 cm,$101.00 ,? 884,? 795,$252.50 
Chair F2-191,4_Chair_191A_SW,/,/,ALUMINIUM,CHAIR F2-191,"Chair, Structure Aluminium",(L)58*(D)66*(H)81 cm Seat High: 44 cm,$74.00 ,? 648,? 583,$185.00 
Chair F2-192,4_Chair_192A_SW,/,/,/,CHAIR F2-192,/,/,$-,? 0,? 0,$-
Chair F2-193,4_Chair_193A_SW,4_Chair_193B_SW 4_Chair_193C_SW 4_Chair_193D_SW 4_Chair_193E_SW 4_Chair_193F_SW 4_Chair_193G_SW 4_Chair_193H_SW 4_Chair_193I_SW 4_Chair_193J_SW 4_Chair_193K_SW,Multi (Optins in Show Room),"WOOD,FABRIC",CHAIR F2-193,"Chair, Structure Wood with Fabric cover",(L)65*(D)60*(H)79 cm Seat High: 48 cm,$-,? 0,? 0,$-
Chair F2-152,4_Chair_152B_SW,4_Chair_152A_SW 4_Chair_152C_SW 4_Chair_152D_SW 4_Chair_152E_SW 4_Chair_152F_SW 4_Chair_152G_SW,Multi (Optins in Show Room),"WOOD,FABRIC",CHAIR F2-152,"Chair, Structure Wood with Fabric cover",(L)65*(D)60*(H)79 cm Seat High: 48 cm,$-,? 0,? 0,$-
Chair F2-194,4_Chair_194G_SW,4_Chair_194A_SW 4_Chair_194B_SW 4_Chair_194C_SW 4_Chair_194D_SW 4_Chair_194E_SW 4_Chair_194F_SW 4_Chair_194H_SW 4_Chair_194I_SW 4_Chair_194J_SW 4_Chair_194K_SW,/,"WOOD,PP",CHAIR F2-194,"Chair, Structure PP & Wood legs",/,$56.00 ,? 490,? 441,$140.00 
Chair F2-195,4_Chair_195A_SW,4_Chair_195B_SW 4_Chair_195C_SW 4_Chair_195D_SW 4_Chair_195E_SW 4_Chair_195F_SW 4_Chair_195G_SW 4_Chair_195H_SW,AS PICTURE,"ACRYLIC,METAL",CHAIR F2-195,"Chair, Structure Acrylic with Metal (Chrome) legs",(L)46*(D)49*(H)77 cm Seat High: 47 cm,$-,? 0,? 0,$-
Chair F2-353,4_Chair_353A_SW,4_Chair_353B_SW 4_Chair_353C_SW 4_Chair_353D_SW 4_Chair_353E_SW 4_Chair_353F_SW 4_Chair_353G_SW 4_Chair_353H_SW 4_Chair_353I_SW 4_Chair_353J_SW 4_Chair_353K_SW,AS PICTURE,"ACRYLIC,METAL",CHAIR F2-353,"Chair, Structure Acrylic with Metal (Chrome) legs",(L)45*(D)45*(H)79 cm Seat High: 49 cm,$-,? 0,? 0,$-
Chair F2-196,4_Chair_196C_SW 4_Chair_196V_SW 4_Chair_196Q_SW 4_Chair_196R_SW 4_Chair_196Q_SW,4_Chair_196B_SW 4_Chair_196A_SW 4_Chair_196D_SW 4_Chair_196E_SW 4_Chair_196F_SW 4_Chair_196G_SW 4_Chair_196H_SW 4_Chair_196I_SW 4_Chair_196J_SW 4_Chair_196K_SW 4_Chair_196L_SW 4_Chair_196M_SW 4_Chair_196N_SW 4_Chair_196O_SW 4_Chair_196P_SW,/,"WOOD,FABRIC",CHAIR F2-196,"Chair, Structure Ash wood with Fabric cover",(L)63*(D)53*(H)86 cm,$95.00 ,? 831,? 748,$237.50 
Chair F2-197,4_Chair_197A_SW,4_Chair_197B_SW 4_Chair_197C_SW 4_Chair_197D_SW,/,"WOOD,FABRIC",CHAIR F2-197,"Chair, Structure Ash wood with Fabric cover",(L)60*(D)52*(H)76 cm,$106.00 ,? 928,? 835,$265.00 
Chair F2-198,4_Chair_198A_SW,4_Chair_198B_SW 4_Chair_198C_SW 4_Chair_198D_SW 4_Chair_198E_SW 4_Chair_198F_SW 4_Chair_198G_SW 4_Chair_198H_SW 4_Chair_198I_SW 4_Chair_198J_SW 4_Chair_198K_SW 4_Chair_198L_SW,AS PICTURE,"ACRYLIC,METAL",CHAIR F2-198,"Chair, Structure Acrylic with Metal (Chrome) legs",(L)49*(D)48*(H)78 cm Seat High: 47 cm,$-,? 0,? 0,$-
Chair F2-199,4_Chair_199A_SW,4_Chair_199B_SW 4_Chair_199C_SW 4_Chair_199D_SW 4_Chair_199E_SW 4_Chair_199F_SW,/,"METAL,FABRIC/PU",CHAIR F2-199,"Chair, Structure PP & Metal legs with Fabric cover",(L)54*(D)63*(H)81 cm Seat High: 47 cm,$46.00 ,? 403,? 362,$115.00 
Chair F2-200,4_Chair_200A_SW,/,"white,beige,light yellow,light grey",PP,CHAIR F2-200,"Chair, Structure Full PP",(L)50*(D)59*(H)75 cm Seat High: 40 cm,$27.00 ,? 236,? 213,$67.50 
Chair F2-202,4_Chair_202A_SW,4_Chair_202B_SW 4_Chair_202C_SW 4_Chair_202D_SW 4_Chair_202E_SW 4_Chair_202F_SW 4_Chair_202G_SW 4_Chair_202H_SW 4_Chair_202I_SW 4_Chair_202J_SW 4_Chair_202K_SW,"WHITE,BLACK","WOOD,PP,PU",CHAIR F2-202,"Chair, Structure Wood & PP with Fabric cover",(L)58*(D)62*(H)80 cm Seat High: 45 cm,$66.00 ,? 578,? 520,$165.00 
Chair F2-204,4_Chair_204A_SW,4_Chair_204B_SW 4_Chair_204C_SW 4_Chair_204D_SW,AS PICTURE,"WOOD,PP,PU",CHAIR F2-204,"Chair, Structure Wood & PP with Fabric cover",(L)58*(D)62*(H)80 cm Seat High: 45 cm,$66.00 ,? 578,? 520,$165.00 
Chair F2-205,4_Chair_205A_SW,4_Chair_205B_SW 4_Chair_205C_SW 4_Chair_205D_SW 4_Chair_205E_SW 4_Chair_205F_SW,AS PICTURE,"WOOD,PP,PU",CHAIR F2-205,"Chair, Structure Wood & PP with Fabric cover",(L)58*(D)62*(H)80 cm Seat High: 45 cm,$66.00 ,? 578,? 520,$165.00 
Chair F2-206,4_Chair_206A_SW,4_Chair_206B_SW 4_Chair_206C_SW 4_Chair_206D_SW 4_Chair_206E_SW 4_Chair_206F_SW 4_Chair_206G_SW 4_Chair_206H_SW 4_Chair_206I_SW,/,PP,CHAIR F2-206,"Chair, Structure Full PP",(L)56*(D)49*(H)79 cm Seat High: 45 cm,$39.00 ,? 341,? 307,$97.50 
Chair F2-207,4_Chair_207A_SW,4_Chair_207B_SW 4_Chair_207C_SW 4_Chair_207D_SW 4_Chair_207E_SW 4_Chair_207F_SW 4_Chair_207G_SW 4_Chair_207H_SW,AS PICTURE,"WOOD,PP,FABRIC",CHAIR F2-207,"Chair, Structure Wood & PP with Fabric cover",(L)55*(D)50*(H)83 cm Seat High: 46 cm,$44.00 ,? 385,? 347,$110.00 
Chair F2-208,4_Chair_208A_SW,4_Chair_208B_SW 4_Chair_208C_SW 4_Chair_208D_SW 4_Chair_208E_SW,AS PICTURE,"WOOD,PP,FABRIC",CHAIR F2-208,"Chair, Structure Wood & PP with Fabric cover",(L)55*(D)50*(H)83 cm Seat High: 46 cm,$46.00 ,? 403,? 362,$115.00 
Chair F2-201,4_Chair_201A_SW,4_Chair_201B_SW 4_Chair_201C_SW 4_Chair_201D_SW 4_Chair_201E_SW,AS PICTURE,"WOOD,PP,FABRIC",CHAIR F2-201,"Chair, Structure Wood & PP with Fabric cover",(L)55*(D)50*(H)83 cm Seat High: 46 cm,$40.00 ,? 350,? 315,$100.00 
Chair F2-209,4_Chair_209A_SW,4_Chair_209B_SW 4_Chair_209C_SW 4_Chair_209D_SW 4_Chair_209E_SW 4_Chair_209F_SW,AS PICTURE,"WOOD,PP,FABRIC",CHAIR F2-209,"Chair, Structure Wood & PP with Fabric cover",(L)55*(D)50*(H)83 cm Seat High: 48 cm,$40.00 ,? 350,? 315,$100.00 
Chair F2-210,4_Chair_210A_SW,4_Chair_210B_SW 4_Chair_210C_SW 4_Chair_210D_SW,AS PICTURE,"METAL,PP,FABRIC",CHAIR F2-210,"Chair, Structure Metal & PP with Fabric cover",(L)55*(D)50*(H)83 cm Seat High: 50 cm,$46.00 ,? 403,? 362,$115.00 
Chair F2-211,4_Chair_211A_SW,4_Chair_211B_SW 4_Chair_211C_SW 4_Chair_211D_SW 4_Chair_211E_SW 4_Chair_211F_SW 4_Chair_211G_SW,AS PICTURE,"WOOD,PP,FABRIC",CHAIR F2-211,"Chair, Structure Wood & PP with Fabric cover",(L)53*(D)46*(H)85 cm Seat High: 46 cm,$46.00 ,? 403,? 362,$115.00 
Chair F2-212,4_Chair_212A_SW,4_Chair_212B_SW 4_Chair_212C_SW 4_Chair_212D_SW 4_Chair_212E_SW 4_Chair_212F_SW 4_Chair_212G_SW 4_Chair_212H_SW,white front+white/red/green/orange/black/white/yellow back,"WOOD,ABS",CHAIR F2-212,"Chair, Structure Wood with ABS seat",/,$50.00 ,? 438,? 394,$125.00 
Chair F2-203,4_Chair_203A_SW,4_Chair_203B_SW 4_Chair_203C_SW 4_Chair_203D_SW 4_Chair_203E_SW 4_Chair_203F_SW 4_Chair_203G_SW 4_Chair_203H_SW 4_Chair_203I_SW 4_Chair_203J_SW 4_Chair_203K_SW 4_Chair_203L_SW,white front+white/red/green/orange/black/white/yellow back,"WOOD,ABS",CHAIR F2-203,"Chair, Structure Wood with ABS seat",/,$50.00 ,? 438,? 394,$125.00 
Chair F2-213,4_Chair_213A_SW,4_Chair_213B_SW,white front+white/red/green/orange/black/white/yellow back,"METAL,ABS",CHAIR F2-203,"Chair, Structure Metal with ABS seat",/,$50.00 ,? 438,? 394,$125.00 
Chair F2-214,4_Chair_214A_SW,4_Chair_214B_SW 4_Chair_214C_SW 4_Chair_214D_SW 4_Chair_214E_SW 4_Chair_214F_SW 4_Chair_214G_SW 4_Chair_214H_SW,white front+white/red/green/orange/black/white/yellow back,"METAL,ABS",CHAIR F2-214,"Chair, Structure Metal with ABS seat",(L)52*(D)56*(H)81 cm Seat High: 45 cm,$54.00 ,? 473,? 425,$135.00 
Chair F2-215,4_Chair_215A_SW,4_Chair_215B_SW 4_Chair_215C_SW 4_Chair_215D_SW 4_Chair_215E_SW 4_Chair_215F_SW,white front+white/red/green/orange/black/white/yellow back,"METAL,ABS",CHAIR F2-215,"Chair, Structure Metal with ABS seat",(L)52*(D)49*(H)81 cm Seat High: 45 cm,$54.00 ,? 473,? 425,$135.00 
Chair F2-216,4_Chair_216A_SW,4_Chair_216B_SW 4_Chair_216C_SW 4_Chair_216D_SW 4_Chair_216E_SW,AS PICTURE,"WOOD,PP,FABRIC",CHAIR F2-216,"Chair, Structure PP with Fabric cover & Wood legs",(L)63*(D)67*(H)82 cm Seat High: 46 cm,$69.00 ,? 604,? 543,$172.50 
Chair F2-217,4_Chair_217D_SW,4_Chair_217A_SW 4_Chair_217B_SW 4_Chair_217C_SW 4_Chair_217E_SW 4_Chair_217F_SW 4_Chair_217G_SW 4_Chair_217H_SW 4_Chair_217I_SW 4_Chair_217J_SW 4_Chair_217K_SW 4_Chair_217L_SW,white/beige/light yellow/light grey/red/orange/lime/black,"METAL,PP",CHAIR F2-217,"Chair, Structure PP with Fabric cover & Metal legs",(L)60*(D)60*(H)80 cm Seat High: 41 cm,$26.00 ,? 228,? 205,$65.00 
Chair F2-218,4_Chair_218A_SW,4_Chair_218B_SW 4_Chair_218C_SW 4_Chair_218D_SW 4_Chair_218E_SW 4_Chair_218F_SW 4_Chair_218G_SW 4_Chair_218H_SW 4_Chair_218I_SW 4_Chair_218J_SW 4_Chair_218K_SW 4_Chair_218L_SW 4_Chair_218M_SW,"RED,WHITE,BLACK","IRON,ALUMINIUM",CHAIR F2-218,"Chair, Structure Aluminium legs with Iron seat",(L)59*(D)55*(H)81 cm Seat High: 46 cm,$52.00 ,? 455,? 410,$130.00 
Chair F2-219,4_Chair_219B_SW,4_Chair_219A_SW 4_Chair_219C_SW 4_Chair_219D_SW,"BLACK,WHITE",METAL,CHAIR F2-219,"Chair, Structure Painted Iron",(L)54*(D)50*(H)79 cm Seat High: 44 cm,$37.00 ,? 324,? 291,$92.50 
Chair F2-220,4_Chair_220B_SW,4_Chair_220A_SW 4_Chair_220C_SW 4_Chair_220D_SW 4_Chair_220E_SW 4_Chair_220F_SW 4_Chair_220G_SW 4_Chair_220H_SW 4_Chair_220I_SW 4_Chair_220J_SW,white/beige/light yellow/light grey,PP,CHAIR F2-220,"Chair, Structure Full PP",(L)50*(D)47*(H)84 cm Seat High: 45 cm,$21.00 ,? 184,? 165,$52.50 
Chair F2-221,4_Chair_221A_SW,4_Chair_221B_SW 4_Chair_221C_SW 4_Chair_221D_SW 4_Chair_221E_SW 4_Chair_221F_SW 4_Chair_221G_SW 4_Chair_221H_SW 4_Chair_221I_SW 4_Chair_221J_SW,white/beige/light yellow/light grey,PP,CHAIR F2-221,"Chair, Structure Full PP",(L)56*(D)53*(H)80 cm Seat High: 47 cm,$31.00 ,? 271,? 244,$77.50 
Chair F2-222,4_Chair_222A_SW,/,/,PP,CHAIR F2-222,"Chair, Structure Full PP",/,$-,? 0,? 0,$-
Chair F2-354,4_Chair_354A_SW,/,/,PP,CHAIR F2-354,"Chair, Structure Full PP",/,$-,? 0,? 0,$-
Chair F2-223,4_Chair_223A_SW,/,"WHITE,BLACK,CLEAR,SMOKE GREY",PC,CHAIR F2-223,"Chair, Structure Full PC",(L)55*(D)54*(H)83 cm Seat High: 47 cm,$48.00 ,? 420,? 378,$120.00 
Chair F2-224,4_Chair_224A_SW,/,"clear,orange,red,yellow","PP,PC",CHAIR F2-224,"Chair, Structure PP seat & legs with PC back",(L)51*(D)46*(H)81 cm Seat High: 47 cm,$29.00 ,? 254,? 228,$72.50 
Chair F2-225,4_Chair_225A_SW,4_Chair_225B_SW,"white,beige,light yellow,light grey",PP,CHAIR F2-225,"Chair, Structure Full PP",(L)55*(D)46*(H)79 cm Seat High: 43 cm,$19.00 ,? 166,? 150,$47.50 
Chair F2-226,4_Chair_226A_SW,/,"WHITE,BLACK,RED","METAL,PU",CHAIR F2-226,"Chair, Structure Painted Iron with PU pillow",(L)68*(D)86*(H)75 cm Seat High: 40 cm,$59.00 ,? 516,? 465,$147.50 
Chair F2-227,4_Chair_227A_SW,/,/,"METAL,PU",CHAIR F2-227,"Chair, Structure Painted Iron with PU pillow",/,$-,? 0,? 0,$-
Chair F2-228A,4_Chair_228AA_SW,4_Chair_228AB_SW 4_Chair_228AC_SW 4_Chair_228AD_SW 4_Chair_228AE_SW,AS PICTURE,"PC,FABRIC",CHAIR F2-228A,"Chair, Structure PC with Fabric cover",(L)50*(D)47*(H)76 cm Seat High: 44 cm,$69.00 ,? 604,? 543,$172.50 
Chair F2-228B,4_Chair_228BA_SW,4_Chair_228BA_SW 4_Chair_228BA_SW 4_Chair_228BA_SW,AS PICTURE,"PC,FABRIC",CHAIR F2-228B,"Chair, Structure PC with Fabric cover",(L)50*(D)47*(H)76 cm Seat High: 44 cm,$69.00 ,? 604,? 543,$172.50 
Chair F2-228C,4_Chair_228CA_SW,4_Chair_228CB_SW 4_Chair_228CC_SW 4_Chair_228CD_SW 4_Chair_228CE_SW 4_Chair_228CF_SW 4_Chair_228CG_SW 4_Chair_228CH_SW 4_Chair_228CI_SW 4_Chair_228CJ_SW,AS PICTURE,"PC,FABRIC",CHAIR F2-228C,"Chair, Structure PC with Fabric cover",(L)50*(D)47*(H)76 cm Seat High: 44 cm,$69.00 ,? 604,? 543,$172.50 
Chair F2-228D,4_Chair_228DA_SW,4_Chair_228DB_SW 4_Chair_228DC_SW 4_Chair_228DD_SW,AS PICTURE,"PC,FABRIC",CHAIR F2-228D,"Chair, Structure PC with Fabric cover",(L)50*(D)47*(H)76 cm Seat High: 44 cm,$69.00 ,? 604,? 543,$172.50 
Chair F2-228E,4_Chair_228EA_SW,4_Chair_228EB_SW,AS PICTURE,"PC,FABRIC",CHAIR F2-228E,"Chair, Structure PC with Fabric cover",(L)50*(D)47*(H)76 cm Seat High: 44 cm,$69.00 ,? 604,? 543,$172.50 
Chair F2-230,4_Chair_230A_SW,4_Chair_230B_SW 4_Chair_230C_SW 4_Chair_230D_SW,AS PICTURE,"METAL,PP,FABRIC",CHAIR F2-230,"Chair, Structure Metal legs & PP seat with Fabric cover",(L)67*(D)61*(H)81 cm Seat High: 48 cm,$65.00 ,? 569,? 512,$162.50 
Chair F2-231,4_Chair_231A_SW,4_Chair_231B_SW 4_Chair_231C_SW 4_Chair_231D_SW 4_Chair_231E_SW 4_Chair_231F_SW 4_Chair_231G_SW 4_Chair_231H_SW 4_Chair_231I_SW 4_Chair_231J_SW 4_Chair_231K_SW 4_Chair_231L_SW,AS PICTURE,"METAL,PP,FABRIC",CHAIR F2-231,"Chair, Structure Metal legs & PP seat with Fabric cover",(L)67*(D)61*(H)81 cm Seat High: 48 cm,$65.00 ,? 569,? 512,$162.50 
Chair F2-229,4_Chair_229A_SW,4_Chair_229B_SW 4_Chair_229C_SW 4_Chair_229E_SW 4_Chair_229F_SW 4_Chair_229G_SW,AS PICTURE,"WOOD,PP,FABRIC",CHAIR F2-229,"Chair, Structure Wood legs & PP seat with Fabric cover",(L)65*(D)73*(H)85 cm Seat High: 45 cm,$74.00 ,? 648,? 583,$185.00 
Chair F2-232A,4_Chair_232AC_SW,4_Chair_232AD_SW 4_Chair_232AE_SW 4_Chair_232AF_SW 4_Chair_232AG_SW 4_Chair_232AH_SW 4_Chair_232AI_SW 4_Chair_232AJ_SW,AS PICTURE,"WOOD,PP,FABRIC",CHAIR F2-232A,"Chair, Structure Wood legs & PP seat with Fabric cover",(L)65*(D)73*(H)85 cm Seat High: 45 cm,$74.00 ,? 648,? 583,$185.00 
Chair F2-233B,4_Chair_233BB_SW,4_Chair_233BA_SW,AS PICTURE,"WOOD,PP,FABRIC",CHAIR F2-233B,"Chair, Structure Wood legs & PP seat with Fabric cover",(L)65*(D)73*(H)85 cm Seat High: 45 cm,$74.00 ,? 648,? 583,$185.00 
Chair F2-234,4_Chair_234A_SW,4_Chair_234B_SW 4_Chair_234C_SW 4_Chair_234D_SW 4_Chair_234E_SW 4_Chair_234F_SW 4_Chair_234G_SW 4_Chair_234H_SW,"WHITE,BLACK","WOOD,IRON",CHAIR F2-234,"Chair, Structure painted Iron legs & Wood with Ash Vanner seat & back",(L)49*(D)42*(H)82 cm Seat High: 45 cm,$43.00 ,? 376,? 339,$107.50 
Chair F2-235,4_Chair_235A_SW 4_Chair_235Q_SW 4_Chair_235R_SW 4_Chair_235S_SW 4_Chair_235T_SW 4_Chair_235U_SW 4_Chair_235V_SW 4_Chair_235W_SW 4_Chair_235X_SW 4_Chair_235Y_SW 4_Chair_235Z_SW 4_Chair_235ZA_SW 4_Chair_235ZB_SW 4_Chair_235ZC_SW,4_Chair_235B_SW 4_Chair_235C_SW 4_Chair_235D_SW 4_Chair_235E_SW 4_Chair_235F_SW 4_Chair_235G_SW 4_Chair_235H_SW 4_Chair_235I_SW 4_Chair_235J_SW 4_Chair_235K_SW 4_Chair_235L_SW 4_Chair_235M_SW 4_Chair_235N_SW 4_Chair_235O_SW 4_Chair_235P_SW,"WHITE,RED,BLACK,GREY,ORANGE","IRON,PP,FABRIC",CHAIR F2-235,"Chair, Structure Chrome Iron legs & PP with Fabric cover",(L)55*(D)58*(H)80 cm Seat High: 48 cm,$50.00 ,? 438,? 394,$125.00 
Chair F2-236,4_Chair_236A_SW,4_Chair_236B_SW 4_Chair_236C_SW 4_Chair_236D_SW 4_Chair_236E_SW 4_Chair_236F_SW 4_Chair_236G_SW,/,"WOOD,PU",CHAIR F2-236,"Chair, Structure Wood with PU cover",(L)46*(D)55*(H)73 cm Seat High: 48 cm,$69.00 ,? 604,? 543,$172.50 
Chair F2-237,4_Chair_237A_SW,4_Chair_237B_SW 4_Chair_237C_SW,/,"METAL,PP,FABRIC",CHAIR F2-237,"Chair, Structure Metal & PP with Fabric cover",(L)62*(D)60*(H)83 cm,$72.00 ,? 630,? 567,$180.00 
Chair F2-238,4_Chair_238A_SW,4_Chair_238B_SW 4_Chair_238C_SW,AS PICTURE,"METAL,PP,FABRIC",CHAIR F2-238,"Chair, Structure Metal & PP with Fabric cover",(L)56*(D)54*(H)81 cm Seat High: 45 cm,$71.00 ,? 621,? 559,$177.50 
Chair F2-239,4_Chair_239A_SW,4_Chair_239B_SW 4_Chair_239C_SW 4_Chair_239D_SW 4_Chair_239E_SW 4_Chair_239F_SW 4_Chair_239G_SW 4_Chair_239H_SW 4_Chair_239I_SW 4_Chair_239J_SW 4_Chair_239K_SW 4_Chair_239L_SW,AS PICTURE,"PP,FABRIC",CHAIR F2-239,"Chair, Structure PP with Fabric cover",(L)58*(D)61*(H)83 cm Seat High: 46 cm,$92.00 ,? 805,? 725,$230.00 
Chair F2-241,4_Chair_241A_SW,4_Chair_241B_SW 4_Chair_241C_SW 4_Chair_241D_SW 4_Chair_241E_SW 4_Chair_241F_SW 4_Chair_241G_SW 4_Chair_241H_SW 4_Chair_241I_SW 4_Chair_241J_SW,/,PP,CHAIR F2-241,"Chair, Structure Full PP",/,$-,? 0,? 0,$-
Chair F2-242,4_Chair_242A_SW,4_Chair_242B_SW 4_Chair_242C_SW 4_Chair_242D_SW 4_Chair_242E_SW 4_Chair_242F_SW,"WHITE,BLACK","ABS,METAL,FABRIC",CHAIR F2-241,"Chair, Structure ABS with Fabric cover",(L)56*(D)56*(H)80 cm Seat High: 46 cm,$86.00 ,? 753,? 677,$215.00 
Chair F2-240,4_Chair_240A_SW,4_Chair_240B_SW 4_Chair_240C_SW 4_Chair_240D_SW 4_Chair_240E_SW,"WHITE,BLACK","ABS,METAL,FABRIC",CHAIR F2-241,"Chair, Structure ABS with Fabric cover",(L)56*(D)56*(H)80 cm Seat High: 46 cm,$81.00 ,? 709,? 638,$202.50 
Chair F2-243,4_Chair_243A_SW,4_Chair_243B_SW 4_Chair_243C_SW 4_Chair_243D_SW 4_Chair_243E_SW 4_Chair_243F_SW 4_Chair_243G_SW 4_Chair_243H_SW 4_Chair_243I_SW 4_Chair_243J_SW,"WHITE,BLACK","PP,WOOD",CHAIR F2-243,"Chair, Structure Wood with PP seat",(L)50*(D)47*(H)75 cm Seat High: 45 cm,$56.00 ,? 490,? 441,$140.00 
Chair F2-244,4_Chair_244A_SW,4_Chair_244B_SW 4_Chair_244C_SW 4_Chair_244D_SW 4_Chair_244E_SW 4_Chair_244F_SW 4_Chair_244G_SW,Multi (Optins in Show Room),"PP,WOOD,FABRIC",CHAIR F2-244,"Chair, Structure Wood & PP with Fabric cover",(L)50*(D)47*(H)75 cm Seat High: 45 cm,$56.00 ,? 490,? 441,$140.00 
Chair F2-245,4_Chair_245A_SW,4_Chair_245B_SW 4_Chair_245C_SW 4_Chair_245D_SW 4_Chair_245E_SW 4_Chair_245F_SW 4_Chair_245G_SW 4_Chair_245H_SW 4_Chair_245I_SW 4_Chair_245J_SW 4_Chair_245K_SW 4_Chair_245L_SW,white/beige/light yellow/light grey/lime/orange,PP,CHAIR F2-245,"Chair, Structure Full PP",(L)54*(D)53*(H)81 cm Seat High: 46 cm,$29.00 ,? 254,? 228,$72.50 
Chair F2-246,4_Chair_246A_SW,4_Chair_246B_SW 4_Chair_246C_SW 4_Chair_246D_SW 4_Chair_246E_SW 4_Chair_246F_SW 4_Chair_246G_SW 4_Chair_246H_SW 4_Chair_246I_SW,"WHITE,BLACK,RED",ALUMINIUM,CHAIR F2-246,"Chair, Structure Painted Aluminium",(L)48*(D)54*(H)81 cm Seat High: 46 cm,$60.00 ,? 525,? 473,$150.00 
Chair F2-247,4_Chair_247A_SW,4_Chair_247B_SW 4_Chair_247C_SW 4_Chair_247D_SW 4_Chair_247E_SW,"WHITE,BLACK,RED",ALUMINIUM,CHAIR F2-247,"Chair, Structure Painted Aluminium",(L)58*(D)66*(H)82 cm Seat High: 44 cm,$74.00 ,? 648,? 583,$185.00 
Chair F2-248,4_Chair_248E_SW,4_Chair_248A_SW 4_Chair_248B_SW 4_Chair_248C_SW 4_Chair_248D_SW,"WHITE,BLACK,RED",ALUMINIUM,CHAIR F2-248,"Chair, Structure Painted Aluminium",(L)49*(D)43*(H)65 cm Seat High: 44 cm,$62.00 ,? 543,? 488,$155.00 
Chair F2-249,4_Chair_249A_SW,4_Chair_249B_SW 4_Chair_249C_SW 4_Chair_249D_SW 4_Chair_249E_SW 4_Chair_249F_SW 4_Chair_249G_SW 4_Chair_249H_SW 4_Chair_249I_SW 4_Chair_249J_SW 4_Chair_249K_SW 4_Chair_249L_SW,Multi (Optins in Show Room),"ALUMINIUM,PP,FABRIC",CHAIR F2-249,"Chair, Structure Aluminium base & PP with Fabric cover",(L)56*(D)62*(H)79 cm Seat High: 48 cm,$90.00 ,? 788,? 709,$225.00 
Chair F2-250,4_Chair_250A_SW,4_Chair_250B_SW 4_Chair_250C_SW 4_Chair_250D_SW 4_Chair_250E_SW 4_Chair_250F_SW,Multi (Optins in Show Room),"WOOD,PP,FABRIC",CHAIR F2-250,"Chair, Structure Wood base & PP with Fabric cover",(L)60*(D)62*(H)79 cm Seat High: 48 cm,$107.00 ,? 936,? 843,$267.50 
Chair F2-251,4_Chair_251A_SW,/,WOOD,WOOD,CHAIR F2-251,"Chair, Structure Wood",(L)51*(D)47*(H)97 cm Seat High: 44 cm,$91.00 ,? 796,? 717,$227.50 
Chair F2-252,4_Chair_252A_SW,4_Chair_252B_SW 4_Chair_252C_SW 4_Chair_252D_SW 4_Chair_252E_SW 4_Chair_252F_SW 4_Chair_252G_SW 4_Chair_252H_SW,"WHITE,BLACK NATURAL WOOD, DARK WOOD","WOOD,PP",CHAIR F2-252,"Chair, Structure Wood with PP seat",(L)46*(D)42*(H)79 cm,$-,? 0,? 0,$-
Chair F2-355,4_Chair_355B_SW,4_Chair_355A_SW 4_Chair_355C_SW 4_Chair_355D_SW,"WHITE,BLACK NATURAL WOOD, DARK WOOD","WOOD,PP",CHAIR F2-355,"Chair, Structure Wood with PP seat",(L)46*(D)42*(H)79 cm,$-,? 0,? 0,$-
Chair F2-253,4_Chair_253A_SW,4_Chair_253B_SW 4_Chair_253C_SW 4_Chair_253D_SW 4_Chair_253E_SW 4_Chair_253F_SW 4_Chair_253G_SW 4_Chair_253H_SW 4_Chair_253I_SW 4_Chair_253J_SW 4_Chair_253K_SW 4_Chair_253L_SW 4_Chair_253M_SW 4_Chair_253N_SW 4_Chair_253O_SW 4_Chair_253P_SW,"WHITE,BLACK NATURAL WOOD, DARK WOOD","WOOD,PP",CHAIR F2-253,"Chair, Structure Wood with PP seat",/,$-,? 0,? 0,$-
Chair F2-254,4_Chair_254A_SW,/,WOOD,WOOD,CHAIR F2-254,"Chair, Structure Wood",(L)77*(D)66*(H)107 cm Seat High: 37 cm,$187.00 ,"? 1,636","? 1,473",$467.50 
Chair F2-256,4_Chair_256A_SW,/,AS PICTURE,"METAL,WOOD,PU",CHAIR F2-256,"Chair, Structure Metal legs & Wood with PU cover",(L)77*(D)66*(H)107 cm Seat High: 37 cm,$96.00 ,? 840,? 756,$240.00 
Chair F2-259,4_Chair_259A_SW,4_Chair_259B_SW 4_Chair_259C_SW 4_Chair_259D_SW 4_Chair_259E_SW 4_Chair_259F_SW 4_Chair_259G_SW 4_Chair_259H_SW 4_Chair_259I_SW,"BALCK,WHITE,WOOD",WOOD,CHAIR F2-259,"Chair, Structure Wood",(L)54*(D)51*(H)93 cm Seat High: 46 cm,$101.00 ,? 884,? 795,$252.50 
Chair F2-260,4_Chair_260A_SW,4_Chair_260B_SW 4_Chair_260C_SW 4_Chair_260D_SW 4_Chair_260F_SW,Multi (Optins in Show Room),"WOOD,FABRIC/PU",CHAIR F2-260,"Chair, Structure Wood with PU/Fabric cover",(L)58*(D)56*(H)80 cm Seat High: 49 cm,$90.00 ,? 788,? 709,$225.00 
Chair F2-261,4_Chair_261A_SW,4_Chair_261B_SW 4_Chair_261C_SW 4_Chair_261D_SW 4_Chair_261E_SW 4_Chair_261F_SW,Multi (Optins in Show Room),"WOOD,FABRIC/PU",CHAIR F2-261,"Chair, Structure Wood with PU/Fabric cover",(L)58*(D)56*(H)80 cm Seat High: 49 cm,$90.00 ,? 788,? 709,$225.00 
Chair F2-262,4_Chair_262A_SW,4_Chair_262B_SW 4_Chair_262C_SW 4_Chair_262D_SW 4_Chair_262E_SW,Multi (Optins in Show Room),"WOOD,FABRIC/PU",CHAIR F2-262,"Chair, Structure Wood with PU/Fabric cover",(L)58*(D)56*(H)80 cm Seat High: 49 cm,$94.00 ,? 823,? 740,$235.00 
Chair F2-263,4_Chair_263A_SW,4_Chair_263B_SW 4_Chair_263C_SW 4_Chair_263D_SW 4_Chair_263E_SW,Multi (Optins in Show Room),"WOOD,FABRIC/PU",CHAIR F2-263,"Chair, Structure Wood with PU/Fabric cover",(L)55*(D)55*(H)86 cm Seat High: 47 cm,$94.00 ,? 823,? 740,$235.00 
Chair F2-264,4_Chair_264A_SW,4_Chair_264C_SW 4_Chair_264D_SW 4_Chair_264E_SW 4_Chair_264F_SW 4_Chair_264G_SW 4_Chair_264H_SW 4_Chair_264I_SW,Multi (Optins in Show Room),"WOOD,FABRIC/PU",CHAIR F2-264,"Chair, Structure Wood with PU/Fabric cover",(L)58*(D)56*(H)80 cm Seat High: 49 cm,$90.00 ,? 788,? 709,$225.00 
Chair F2-265,4_Chair_265A_SW,4_Chair_265B_SW 4_Chair_265C_SW 4_Chair_265D_SW 4_Chair_265E_SW 4_Chair_265F_SW,Multi (Optins in Show Room),"METAL,FABRIC/PU",CHAIR F2-265,"Chair, Structure Metal with PU/Fabric cover",/,$-,? 0,? 0,$-
Chair F2-266,4_Chair_266A_SW,/,Multi (Optins in Show Room),"WOOD,FABRIC/PU",CHAIR F2-266,"Chair, Structure Wood with PU/Fabric cover",(L)55*(D)56*(H)79 cm Seat High: 44 cm,$94.00 ,? 823,? 740,$235.00 
Chair F2-267,4_Chair_267A_SW,4_Chair_267B_SW 4_Chair_267C_SW 4_Chair_267D_SW 4_Chair_267E_SW,Multi (Optins in Show Room),"WOOD,FABRIC/PU",CHAIR F2-267,"Chair, Structure Wood with PU/Fabric cover",(L)57*(D)50*(H)80 cm Seat High: 47 cm,$74.00 ,? 648,? 583,$185.00 
Chair F2-268,4_Chair_268A_SW,4_Chair_268B_SW 4_Chair_268C_SW 4_Chair_268D_SW 4_Chair_268E_SW 4_Chair_268F_SW 4_Chair_268G_SW 4_Chair_268H_SW,Multi (Optins in Show Room),"METAL,FABRIC/PU",CHAIR F2-268,"Chair, Structure Metal with PU/Fabric cover",(L)59*(D)57*(H)77 cm Seat High: 45 cm,$79.00 ,? 691,? 622,$197.50 
Chair F2-269,4_Chair_269A_SW,4_Chair_269B_SW 4_Chair_269C_SW 4_Chair_269D_SW 4_Chair_269E_SW 4_Chair_269F_SW 4_Chair_269G_SW 4_Chair_269H_SW 4_Chair_269I_SW,Multi (Optins in Show Room),"WOOD,FABRIC/PU",CHAIR F2-269,"Chair, Structure Wood with PU/Fabric cover",(L)54*(D)59*(H)82 cm Seat High: 44 cm,$79.00 ,? 691,? 622,$197.50 
Chair F2-270,4_Chair_270A_SW,4_Chair_270B_SW 4_Chair_270C_SW 4_Chair_270D_SW 4_Chair_270E_SW 4_Chair_270F_SW 4_Chair_270G_SW 4_Chair_270H_SW,Multi (Optins in Show Room),"WOOD,FABRIC/PU",CHAIR F2-270,"Chair, Structure Wood with PU/Fabric cover",(L)52*(D)47*(H)83 cm Seat High: 45 cm,$74.00 ,? 648,? 583,$185.00 
Chair F2-271,4_Chair_271A_SW,4_Chair_271B_SW 4_Chair_271C_SW 4_Chair_271D_SW 4_Chair_271E_SW 4_Chair_271F_SW 4_Chair_271G_SW 4_Chair_271H_SW,white/beige/light yellow/light grey/lime,PP,CHAIR F2-271,"Chair, Structure Full PP",(L)53*(D)57*(H)81 cm Seat High: 46 cm,$29.00 ,? 254,? 228,$72.50 
Chair F2-272,4_Chair_272A_SW,/,white/beige/light yellow/light grey/lime,PP,CHAIR F2-272,"Chair, Structure Full PP",(L)53*(D)46*(H)81 cm Seat High: 46 cm,$29.00 ,? 254,? 228,$72.50 
Chair F2-273,4_Chair_273A_SW,/,white/beige/light yellow/light grey/lime,PP,CHAIR F2-273,"Chair, Structure Full PP",(L)53*(D)46*(H)81 cm Seat High: 46 cm,$37.00 ,? 324,? 291,$92.50 
Chair F2-275,4_Chair_275A_SW,/,AS PICTURE,"METAL,WOOD",CHAIR F2-275,"Chair, Structure Metal with Wood Back & Seat",(L)51*(D)46*(H)77 cm Seat High: 44 cm,$-,? 0,? 0,$-
Chair F2-276,4_Chair_276A_SW,/,/,WOOD,CHAIR F2-276,"Chair, Structure Wood",/,$-,? 0,? 0,$-
Chair F2-278,4_Chair_278H_SW,4_Chair_278A_SW 4_Chair_278B_SW 4_Chair_278C_SW 4_Chair_278D_SW 4_Chair_278E_SW 4_Chair_278F_SW 4_Chair_278G_SW 4_Chair_278H_SW,AS PICTURE,WOOD,CHAIR F2-278,"Chair, Structure Wood",(L)53*(D)46*(H)77 cm Seat High: 44 cm,$-,? 0,? 0,$-
Chair F2-279,4_Chair_279A_SW,4_Chair_279B_SW 4_Chair_279C_SW 4_Chair_279D_SW 4_Chair_279E_SW 4_Chair_279F_SW 4_Chair_279G_SW 4_Chair_279H_SW 4_Chair_279I_SW,AS PICTURE,WOOD,CHAIR F2-279,"Chair, Structure Wood",(L)53*(D)46*(H)77 cm Seat High: 44 cm,$-,? 0,? 0,$-
Chair F2-280,4_Chair_280A_SW,4_Chair_280B_SW 4_Chair_280C_SW 4_Chair_280D_SW 4_Chair_280E_SW 4_Chair_280F_SW 4_Chair_280G_SW 4_Chair_280H_SW 4_Chair_280I_SW 4_Chair_280J_SW 4_Chair_280K_SW,"PILLOW: BLACK,WHITE,RED","WOOD,PU/FABRIC",CHAIR F2-280,"Chair, Structure Wood with PU/Fabric Seat",(L)57*(D)52*(H)78 cm Seat High: 44 cm,$-,? 0,? 0,$-
Chair F2-281,4_Chair_281A_SW,4_Chair_281B_SW 4_Chair_281C_SW 4_Chair_281D_SW 4_Chair_281E_SW 4_Chair_281F_SW 4_Chair_281G_SW 4_Chair_281H_SW 4_Chair_281I_SW 4_Chair_281J_SW 4_Chair_281K_SW 4_Chair_281L_SW,AS PICTURE,WOOD,CHAIR F2-281,"Chair, Structure Wood",(L)49*(D)47*(H)85 cm Seat High: 46 cm,$-,? 0,? 0,$-
Chair F2-282,4_Chair_282A_SW,4_Chair_282B_SW 4_Chair_282C_SW 4_Chair_282D_SW,Multi (Optins in Show Room),"WOOD,PU/FABRIC",CHAIR F2-282,"Chair, Structure Wood with Fabric cover",/,$-,? 0,? 0,$-
Chair F2-283,4_Chair_283A_SW,4_Chair_283B_SW 4_Chair_283C_SW 4_Chair_283D_SW 4_Chair_283E_SW 4_Chair_283F_SW,AS PICTURE,"WOOD,ABS",CHAIR F2-283,"Chair, Structure Wood with ABS seat",(L)57*(D)44*(H)82 cm Seat High: 46 cm,$73.00 ,? 639,? 575,$182.50 
Chair F2-284,4_Chair_284A_SW,/,"BLACK,WHITE,RED,ORANGE,GREEN,BLUE",ABS,CHAIR F2-284,"Chair, Structure Full ABS",(L)57*(D)48*(H)86 cm Seat High: 44 cm,$24.00 ,? 210,? 189,$60.00 
Chair F2-285,4_Chair_285B_SW,4_Chair_285A_SW,AS PICTURE,"ABS,FABRIC",CHAIR F2-285,"Chair, Structure ABS with Fabric cover",(L)57*(D)48*(H)86 cm Seat High: 44 cm,$44.00 ,? 385,? 347,$110.00 
Chair F2-286,4_Chair_286A_SW,4_Chair_286B_SW,Multi (Optins in Show Room),"WOOD,FABRIC",CHAIR F2-286,"Chair, Structure Wood with Fabric cover",(L)57*(D)48*(H)86 cm Seat High: 44 cm,$95.00 ,? 831,? 748,$237.50 
Chair F2-287,4_Chair_287A_SW,4_Chair_287B_SW 4_Chair_287C_SW 4_Chair_287D_SW 4_Chair_287E_SW,"WHITE,BLACK","METAL,PC",CHAIR F2-287,"Chair, Structure Metal with PC seat",(L)62*(D)62*(H)80 cm Seat High: 47 cm,$56.00 ,? 490,? 441,$140.00 
Chair F2-288,4_Chair_288A_SW,4_Chair_288B_SW 4_Chair_288C_SW 4_Chair_288D_SW 4_Chair_288E_SW,"CLEAR,SMOKE GREY,RED","METAL,PC",CHAIR F2-288,"Chair, Structure Metal with PC seat",(L)62*(D)62*(H)80 cm Seat High: 47 cm,$53.00 ,? 464,? 417,$132.50 
Chair F2-289,4_Chair_289A_SW,4_Chair_289B_SW,Multi (Optins in Show Room),"WOOD,PP,FABRIC",CHAIR F2-289,"Chair, Structure Wood & PP with PU/Fabric cover",(L)62*(D)62*(H)80 cm Seat High: 47 cm,$79.00 ,? 691,? 622,$197.50 
Chair F2-290,4_Chair_290A_SW,4_Chair_290B_SW 4_Chair_290C_SW 4_Chair_290D_SW 4_Chair_290E_SW,clear/red/solid white/trans blue/smoke,"METAL,PC",CHAIR F2-290,"Chair, Structure Metal with PC seat",(L)50*(D)57*(H)94 cm Seat High: 40-57 cm,$53.00 ,? 464,? 417,$132.50 
Chair F2-291,4_Chair_291A_SW,4_Chair_291B_SW 4_Chair_291C_SW 4_Chair_291D_SW 4_Chair_291E_SW 4_Chair_291F_SW 4_Chair_291G_SW 4_Chair_291H_SW 4_Chair_291I_SW 4_Chair_291J_SW 4_Chair_291K_SW 4_Chair_291L_SW,"CLEAR,BLUE,RED","WOOD,PC",CHAIR F2-291,"Chair, Structure Wood with PC seat",(L)61*(D)62*(H)78 cm Seat High: 45 cm,$65.00 ,? 569,? 512,$162.50 
Chair F2-292,4_Chair_293A_SW,/,clear/red/blue/smoke/orange/solid white/solid black,PC,CHAIR F2-292,"Chair, Structure Full PC",(L)51*(D)49*(H)78 cm Seat High: 45 cm,$47.00 ,? 411,? 370,$117.50 
Chair F2-294,4_Chair_294A_SW,/,AS PICTURE,PC,CHAIR F2-294,"Chair, Structure Full PC",(L)51*(D)46*(H)81 cm Seat High: 47 cm,$-,? 0,? 0,$-
Chair F2-295,4_Chair_295A_SW,/,AS PICTURE,"METAL,PC",CHAIR F2-295,"Chair, Structure Metal legs with PC seat",/,$-,? 0,? 0,$-
Chair F2-296,4_Chair_296A_SW,4_Chair_296B_SW 4_Chair_296C_SW 4_Chair_296D_SW 4_Chair_296E_SW 4_Chair_296F_SW,"WHITE,BLACK",PC,CHAIR F2-296,"Chair, Structure Full PC",(L)50*(D)46*(H)76 cm Seat High: 45 cm,$51.00 ,? 446,? 402,$127.50 
Chair F2-297,4_Chair_297A_SW,4_Chair_297B_SW 4_Chair_297C_SW 4_Chair_297D_SW 4_Chair_297E_SW 4_Chair_297F_SW 4_Chair_297G_SW 4_Chair_297H_SW 4_Chair_297I_SW,clear/smoke/solid white/red/black/orange,PC,CHAIR F2-297,"Chair, Structure Full PC",(L)57*(D)60*(H)81 cm Seat High: 46 cm,$49.00 ,? 429,? 386,$122.50 
Chair F2-298,4_Chair_298A_SW,4_Chair_298B_SW 4_Chair_298C_SW 4_Chair_298D_SW 4_Chair_298E_SW,Multi (Optins in Show Room),"METAL,PP,FABRIC",CHAIR F2-298,"Chair, Structure Metal & PP cover with Fabric",/,$-,? 0,? 0,$-
Chair F2-299,4_Chair_299A_SW,4_Chair_299B_SW 4_Chair_299C_SW 4_Chair_299D_SW,Multi (Optins in Show Room),"METAL,PP,FABRIC",CHAIR F2-299,"Chair, Structure Metal & PP cover with Fabric",/,$-,? 0,? 0,$-
Chair F2-300,4_Chair_300A_SW,/,"CLEAR,SMOKE GREY",PC,CHAIR F2-300,"Chair, Structure Full PC",(L)48*(D)41*(H)81 cm Seat High: 46 cm,$48.00 ,? 420,? 378,$120.00 
Chair F2-301,4_Chair_301A_SW,4_Chair_301B_SW 4_Chair_301C_SW 4_Chair_301D_SW 4_Chair_301E_SW 4_Chair_301F_SW 4_Chair_301G_SW 4_Chair_301H_SW,"CLEAR,SMOKE GREY","PC,FABRIC",CHAIR F2-301,"Chair, Structure Full PC with Fabric Pillow",(L)48*(D)41*(H)81 cm Seat High: 46 cm,$54.00 ,? 473,? 425,$135.00 
