handleId,fieldType,name,description,productImageUrl,collection,sku,ribbon,price,surcharge,visible,discountMode,discountValue,inventory,weight,productOptionName1,productOptionType1,productOptionDescription1,productOptionName2,productOptionType2,productOptionDescription2,productOptionName3,productOptionType3,productOptionDescription3,productOptionName4,productOptionType4,productOptionDescription4,productOptionName5,productOptionType5,productOptionDescription5,productOptionName6,productOptionType6,productOptionDescription6,additionalInfoTitle1,additionalInfoDescription1,additionalInfoTitle2,additionalInfoDescription2,additionalInfoTitle3,additionalInfoDescription3,customTextField1,customTextCharLimit1,customTextMandatory1,customTextField2,customTextCharLimit2,customTextMandatory2
product_48928a77-9ac5-7ecc-1ef2-5c6bdf5d1697,Product,CHAIR F2-111,"<p><b>אפשרות 1:</b></p>Description: Chair, Structure Stainless Steel (Chrome) with PU cover<br><br>Size: (L)56*(W)57*(H)88 cm<br><br>Materials: STAINLESS STEEL,PU<br><br><br><p><b>אפשרות 2:</b></p>Description: Chair, Structure Stainless Steel (Chrome) with Leather &amp; PU cover<br><br>Size: (L)56*(W)57*(H)88 cm<br><br>Materials: STAINLESS STEEL,PU,LEATHER<br><br><br><p><b>אפשרות 3:</b></p>Description: Chair, Structure Stainless Steel (Chrome) with Leather cover<br><br>Size: (L)56*(W)57*(H)88 cm<br><br>Materials: STAINLESS STEEL,LEATHER<br><br><br><p><b>אפשרות 4:</b></p>Description: Chair, Structure Stainless Steel (Chrome) with Italian Leather &amp; PU cover<br><br>Size: (L)56*(W)57*(H)88 cm<br><br>Materials: STAINLESS STEEL,PU,ITALIAN LEATHER<br><br><br><p><b>אפשרות 5:</b></p>Description: Chair, Structure Stainless Steel (Chrome) with Italian Leather cover<br><br>Size: (L)56*(W)57*(H)88 cm<br><br>Materials: STAINLESS STEEL,ITALIAN LEATHER<br><br>",,כסאות,F2-111,,772,,TRUE,PERCENT,0,InStock,0,אפשרויות,DROP_DOWN,אפשרות 1;אפשרות 2;אפשרות 3;אפשרות 4;אפשרות 5,,,,,,,,,,,,,,,,,,,,,,,,,,,
product_48928a77-9ac5-7ecc-1ef2-5c6bdf5d1697,Variant,,,,,F2-111_3,,,260,TRUE,,,InStock,0,,,אפשרות 4,,,,,,,,,,,,,,,,,,,,,,,,,,,
product_48928a77-9ac5-7ecc-1ef2-5c6bdf5d1697,Variant,,,,,F2-111_4,,,457,TRUE,,,InStock,0,,,אפשרות 5,,,,,,,,,,,,,,,,,,,,,,,,,,,
product_48928a77-9ac5-7ecc-1ef2-5c6bdf5d1697,Variant,,,,,F2-111_0,,,0,TRUE,,,InStock,0,,,אפשרות 1,,,,,,,,,,,,,,,,,,,,,,,,,,,
product_48928a77-9ac5-7ecc-1ef2-5c6bdf5d1697,Variant,,,,,F2-111_1,,,220,TRUE,,,InStock,0,,,אפשרות 2,,,,,,,,,,,,,,,,,,,,,,,,,,,
product_48928a77-9ac5-7ecc-1ef2-5c6bdf5d1697,Variant,,,,,F2-111_2,,,394,TRUE,,,InStock,0,,,אפשרות 3,,,,,,,,,,,,,,,,,,,,,,,,,,,
product_a24d4aa3-f7fb-390b-0d92-a809acbe8e30,Product,CHAIR F2-200,"Description: Chair, Structure Full PP
<br>Size: (L)50*(D)59*(H)75 cm Seat High: 40 cm
<br>Materials: PP
<br>",,כסאות,F2-200,,213,,TRUE,PERCENT,0,InStock,0,צבע,DROP_DOWN,WHITE;BEIGE;LIGHT YELLOW;LIGHT GREY,,,,,,,,,,,,,,,,,,,,,,,,,,,
product_83d3b3c2-0378-e40a-8349-2de96084e73f,Product,CHAIR F2-154,"Description: Chair, Structure Full PP with Metal legs
<br>Size: (L)50*(D)56*(H)82 cm Seat High: 45 cm
<br>Materials: METAL,PP
<br>",,כסאות,F2-155,,0,,TRUE,PERCENT,0,InStock,0,,,,,,,,,,,,,,,,,,,,,,,,,,,,,,
product_787e1755-148e-5da7-9012-95bda1ef76b1,Product,CHAIR F2-90,"Description: Chair, Structure Ash Wood with PU pillow seat
<br>Size: (L)49*(W)57*(H)72 cm Seat High: 46 cm
<br>Materials: WOOD,PU
<br>",,כסאות,F2-90,,551,,TRUE,PERCENT,0,InStock,0,,,,,,,,,,,,,,,,,,,,,,,,,,,,,,
product_4ff1f251-52f3-2137-b165-6079321860f6,Product,CHAIR F2-228C,"Description: Chair, Structure PC with Fabric cover
<br>Size: (L)50*(D)47*(H)76 cm Seat High: 44 cm
<br>Materials: PC,FABRIC
<br>",,כסאות,F2-228C,,543,,TRUE,PERCENT,0,InStock,0,,,,,,,,,,,,,,,,,,,,,,,,,,,,,,
product_8dcaee8f-74ec-07e2-c323-d521c1f71500,Product,CHAIR F2-51,"Description: Chair, Structure Seat in PP cover with Fabric, Legs in Metal and Wood
<br>Size: (L)55*(W)47*(H)82 cm Seat High: 44 cm
<br>Materials: PP,FABRIC,METAL,WOOD
<br>",,כסאות,F2-51,,0,,TRUE,PERCENT,0,InStock,0,,,,,,,,,,,,,,,,,,,,,,,,,,,,,,
product_701bd800-5324-f0ea-c572-69ffcb890a2f,Product,CHAIR F2-214,"Description: Chair, Structure Metal with ABS seat
<br>Size: (L)52*(D)56*(H)81 cm Seat High: 45 cm
<br>Materials: METAL,ABS
<br>",,כסאות,F2-214,,425,,TRUE,PERCENT,0,InStock,0,צבע,DROP_DOWN,WHITE FRONT+WHITE;RED;GREEN;ORANGE;BLACK;WHITE;YELLOW BACK,,,,,,,,,,,,,,,,,,,,,,,,,,,
product_70c3754a-ee0c-5039-b6df-39de0afe3d4d,Product,CHAIR F2-354,"Description: Chair, Structure Full PP
<br>Materials: PP
<br>",,כסאות,F2-354,,0,,TRUE,PERCENT,0,InStock,0,,,,,,,,,,,,,,,,,,,,,,,,,,,,,,
product_e1cb396b-addf-ff4d-c755-7bc2e9f0f7f7,Product,CHAIR F2-237,"Description: Chair, Structure Metal &amp; PP with Fabric cover
<br>Size: (L)62*(D)60*(H)83 cm
<br>Materials: METAL,PP,FABRIC
<br>",,כסאות,F2-237,,567,,TRUE,PERCENT,0,InStock,0,,,,,,,,,,,,,,,,,,,,,,,,,,,,,,
product_4cf0af6f-6d3f-3460-0ee1-e38099e3ff19,Product,CHAIR F2-22,"Description: Chair, Structure Seat in ABS, Legs in Metal
<br>Size: (L)55*(W)47*(H)82 cm Seat High: 44 cm
<br>Materials: ABS,METAL
<br>",,כסאות,F2-22,,190,,TRUE,PERCENT,0,InStock,0,צבע,DROP_DOWN,CLEAR;SMOKE GREY;CLEAR RED;CLEAR ORANGE;CLEAR PINK,,,,,,,,,,,,,,,,,,,,,,,,,,,
product_04ca36c0-c0c8-5b3c-84f9-558a3113ad77,Product,CHAIR F2-228A,"Description: Chair, Structure PC with Fabric cover
<br>Size: (L)50*(D)47*(H)76 cm Seat High: 44 cm
<br>Materials: PC,FABRIC
<br>",,כסאות,F2-228A,,543,,TRUE,PERCENT,0,InStock,0,,,,,,,,,,,,,,,,,,,,,,,,,,,,,,
product_3a016372-1a72-254a-c4bf-9f75dcbe9710,Product,CHAIR F2-138,"Description: Chair, Structure Wood &amp; Walnut legs with PU cover
<br>Size: (L)44*(D)44*(H)76 cm Seat High: 43 cm
<br>Materials: WOOD,PU
<br>",,כסאות,F2-138,,441,,TRUE,PERCENT,0,InStock,0,,,,,,,,,,,,,,,,,,,,,,,,,,,,,,
product_dc985e0a-945b-e38b-b9f4-c0e32a134278,Product,CHAIR F2-123,"Description: Chair, StructureStainless Steel (BLACK) with PU cover
<br>Size: (L)82*(W)64*(H)75 cm
<br>Materials: STAINLESS STEEL(BLACK),PU
<br>",,כסאות,F2-123,,1567,,TRUE,PERCENT,0,InStock,0,,,,,,,,,,,,,,,,,,,,,,,,,,,,,,
product_3d051e71-d8d6-8f49-0778-e04d8cdfce48,Product,CHAIR F2-301,"Description: Chair, Structure Full PC with Fabric Pillow
<br>Size: (L)48*(D)41*(H)81 cm Seat High: 46 cm
<br>Materials: PC,FABRIC
<br>",,כסאות,F2-301,,425,,TRUE,PERCENT,0,InStock,0,צבע,DROP_DOWN,CLEAR;SMOKE GREY,,,,,,,,,,,,,,,,,,,,,,,,,,,
product_6e59638f-2691-7187-f638-ae17153fa2c9,Product,CHAIR F2-217,"Description: Chair, Structure PP with Fabric cover &amp; Metal legs
<br>Size: (L)60*(D)60*(H)80 cm Seat High: 41 cm
<br>Materials: METAL,PP
<br>",,כסאות,F2-217,,205,,TRUE,PERCENT,0,InStock,0,צבע,DROP_DOWN,WHITE;BEIGE;LIGHT YELLOW;LIGHT GREY;RED;ORANGE;LIME;BLACK,,,,,,,,,,,,,,,,,,,,,,,,,,,
product_feb1d6f4-303b-6f2f-fab2-b1c2c0fefa67,Product,CHAIR F2-297,"Description: Chair, Structure Full PC
<br>Size: (L)57*(D)60*(H)81 cm Seat High: 46 cm
<br>Materials: PC
<br>",,כסאות,F2-297,,386,,TRUE,PERCENT,0,InStock,0,צבע,DROP_DOWN,CLEAR;SMOKE;SOLID WHITE;RED;BLACK;ORANGE,,,,,,,,,,,,,,,,,,,,,,,,,,,
product_0e359c75-f722-44c7-e99b-35064bc2590e,Product,CHAIR F2-143,,,כסאות,F2-143,,0,,TRUE,PERCENT,0,InStock,0,,,,,,,,,,,,,,,,,,,,,,,,,,,,,,
product_d46b71dd-e856-1ea2-0e5f-e450c25f0aea,Product,CHAIR F2-29,"Description: Chair, Structure Seat in ABS, Legs in Wood
<br>Size: (L)56*(W)61*(H)80 cm Seat High: 45 cm
<br>Materials: ABS,WOOD
<br>",,כסאות,F2-29,,232,,TRUE,PERCENT,0,InStock,0,צבע,DROP_DOWN,CLEAR;SMOKE GREY;CLEAR YELLOW,,,,,,,,,,,,,,,,,,,,,,,,,,,
product_816b08ac-e283-3320-8e45-042d04edb453,Product,CHAIR F2-59,"Description: Chair, Structure Seat in PP cover with Fabric, Legs in Metal and Wood
<br>Size: (L)62*(W)62*(H)83 cm Seat High: 44 cm
<br>Materials: PP,FABRIC,WOOD,METAL
<br>",,כסאות,F2-59,,0,,TRUE,PERCENT,0,InStock,0,,,,,,,,,,,,,,,,,,,,,,,,,,,,,,
product_5b1aadf9-3b9b-a611-f8cd-21fd3bcb27f2,Product,CHAIR F2-184,"Description: Chair, Structure Wood with PU cover
<br>Size: (L)61*(D)50*(H)82 cm Seat High: 45 cm
<br>Materials: WOOD,PU
<br>",,כסאות,F2-184,,780,,TRUE,PERCENT,0,InStock,0,,,,,,,,,,,,,,,,,,,,,,,,,,,,,,
product_2b7d1efe-0f88-8e4f-b21c-cd5bc01f17c1,Product,CHAIR F2-282,"Description: Chair, Structure Wood with Fabric cover
<br>Materials: WOOD,PU/FABRIC
<br>",,כסאות,F2-282,,0,,TRUE,PERCENT,0,InStock,0,,,,,,,,,,,,,,,,,,,,,,,,,,,,,,
product_c0eeee35-9914-594f-c27e-0158d2d1e31f,Product,CHAIR F2-221,"Description: Chair, Structure Full PP
<br>Size: (L)56*(D)53*(H)80 cm Seat High: 47 cm
<br>Materials: PP
<br>",,כסאות,F2-221,,244,,TRUE,PERCENT,0,InStock,0,צבע,DROP_DOWN,WHITE;BEIGE;LIGHT YELLOW;LIGHT GREY,,,,,,,,,,,,,,,,,,,,,,,,,,,
product_d283561c-5b6e-fe3f-4047-54c50501f45b,Product,CHAIR F2-80,"Description: Chair, Structure Full PP
<br>Size: (L)50*(W)47*(H)83 cm Seat High: 46 cm
<br>Materials: PP
<br>",,כסאות,F2-80,,190,,TRUE,PERCENT,0,InStock,0,צבע,DROP_DOWN,WHITE;BLACK;RED;GREEN;BLUE;YELLOW;GREY;ORANGE,,,,,,,,,,,,,,,,,,,,,,,,,,,
product_0791c50e-7b67-2ca4-073f-0a2694db8845,Product,CHAIR F2-66,"Description: Chair, Structure Seat in PP , Legs in Metal
<br>Materials: PP,METAL
<br>",,כסאות,F2-66,,0,,TRUE,PERCENT,0,InStock,0,צבע,DROP_DOWN,WHITE;BLACK;RED;GREEN;BLUE;YELLOW,,,,,,,,,,,,,,,,,,,,,,,,,,,
product_31439272-a4d7-6542-d6e2-e9a37c4584f4,Product,CHAIR F2-254,"Description: Chair, Structure Wood
<br>Size: (L)77*(D)66*(H)107 cm Seat High: 37 cm
<br>Materials: WOOD
<br>",,כסאות,F2-254,,1473,,TRUE,PERCENT,0,InStock,0,צבע,DROP_DOWN,WOOD,,,,,,,,,,,,,,,,,,,,,,,,,,,
product_06d03364-ec83-5367-1194-3ae104bcda6a,Product,CHAIR F2-115,"Description: Chair, Structure Stainless Steel with PU cover
<br>Size: (L)46*(W)57*(H)104 cm
<br>Materials: STAINLESS STEEL,PU
<br>",,כסאות,F2-115,,433,,TRUE,PERCENT,0,InStock,0,,,,,,,,,,,,,,,,,,,,,,,,,,,,,,
product_5f0f9706-60c9-b276-3f49-af2afb921cda,Product,CHAIR F2-2,"Description: Chair, Structure Full PP
<br>Size: (L)51*(W)44*(H)80 cm Seat High: 44 cm
<br>Materials: PP
<br>",,כסאות,F2-2,,190,,TRUE,PERCENT,0,InStock,0,צבע,DROP_DOWN,WHITE;BLACK;RED;GREEN;BLUE;YELLOW;GREY;ORANGE,,,,,,,,,,,,,,,,,,,,,,,,,,,
product_65be9d08-ed61-e212-3c3f-19d6ba972f21,Product,CHAIR F2-97,"Description: Chair, Structure Stainless Steel base &amp; PP seat with Fabric cover
<br>Size: (L)74*(W)63*(H)79 cm
<br>Materials: STAINLESS STEEL,PP,FABRIC
<br>",,כסאות,F2-97,,1087,,TRUE,PERCENT,0,InStock,0,,,,,,,,,,,,,,,,,,,,,,,,,,,,,,
product_06c30794-abb1-efc5-6e79-63ebd5ca0829,Product,CHAIR F2-201,"Description: Chair, Structure Wood &amp; PP with Fabric cover
<br>Size: (L)55*(D)50*(H)83 cm Seat High: 46 cm
<br>Materials: WOOD,PP,FABRIC
<br>",,כסאות,F2-201,,315,,TRUE,PERCENT,0,InStock,0,,,,,,,,,,,,,,,,,,,,,,,,,,,,,,
product_08e2f851-8000-e225-1a7b-ab68134928ac,Product,CHAIR F2-91,"Description: Chair, Structure Ash Wood with PU pillow seat
<br>Size: (L)52*(W)57*(H)74 cm Seat High: 46 cm
<br>Materials: WOOD,PU
<br>",,כסאות,F2-91,,473,,TRUE,PERCENT,0,InStock,0,,,,,,,,,,,,,,,,,,,,,,,,,,,,,,
product_75851e37-4536-6ab8-3866-44c952a2b210,Product,CHAIR F2-289,"Description: Chair, Structure Wood &amp; PP with PU/Fabric cover
<br>Size: (L)62*(D)62*(H)80 cm Seat High: 47 cm
<br>Materials: WOOD,PP,FABRIC
<br>",,כסאות,F2-289,,622,,TRUE,PERCENT,0,InStock,0,,,,,,,,,,,,,,,,,,,,,,,,,,,,,,
product_7973bad6-b0ba-cd1a-ea1f-cd590bf8abc3,Product,CHAIR F2-218,"Description: Chair, Structure Aluminium legs with Iron seat
<br>Size: (L)59*(D)55*(H)81 cm Seat High: 46 cm
<br>Materials: IRON,ALUMINIUM
<br>",,כסאות,F2-218,,410,,TRUE,PERCENT,0,InStock,0,צבע,DROP_DOWN,RED;WHITE;BLACK,,,,,,,,,,,,,,,,,,,,,,,,,,,
product_af6f619f-4ffd-e226-7433-2475e453ab8d,Product,CHAIR F2-83,"Description: Chair, Structure Full PP
<br>Size: (L)49*(W)44*(H)85 cm Seat High: 44 cm
<br>Materials: PP
<br>",,כסאות,F2-83,,190,,TRUE,PERCENT,0,InStock,0,צבע,DROP_DOWN,WHITE;BLACK;RED;GREEN;BLUE;YELLOW;GREY;ORANGE,,,,,,,,,,,,,,,,,,,,,,,,,,,
product_4deecdcd-222a-f1e2-f712-160249573cfd,Product,CHAIR F2-38,"Description: Chair, Structure Seat in ABS , Legs in Wood &amp; Metal
<br>Size: (L)56*(W)61*(H)80 cm Seat High: 45 cm
<br>Materials: ABS,WOOD,METAL
<br>",,כסאות,F2-38,,0,,TRUE,PERCENT,0,InStock,0,צבע,DROP_DOWN,WHITE;BLACK;RED;BLUE;YELLOW,,,,,,,,,,,,,,,,,,,,,,,,,,,
product_aad483ba-32cb-7cfa-b536-6649af506146,Product,CHAIR F2-129,"Description: Chair, Structure PP &amp; Metal legs with Fabric cover
<br>Size: (L)56*(D)49*(H)83 cm Seat High: 46 cm
<br>Materials: METAL,PP,FABRIC
<br>",,כסאות,F2-129,,331,,TRUE,PERCENT,0,InStock,0,,,,,,,,,,,,,,,,,,,,,,,,,,,,,,
product_5394fd14-9a20-7c24-1e0e-8b3d5c1d4ff8,Product,CHAIR F2-56,"Description: Chair, Structure Seat in PP Pillow with Fabric, Legs in Wood &amp; Metal
<br>Size: (L)62*(W)62*(H)83 cm Seat High: 44 cm
<br>Materials: PP,FABRIC,METAL,WOOD
<br>",,כסאות,F2-56,,291,,TRUE,PERCENT,0,InStock,0,,,,,,,,,,,,,,,,,,,,,,,,,,,,,,
product_0d4eb30f-0466-ba32-29ee-a258e6b0760c,Product,CHAIR F2-236,"Description: Chair, Structure Wood with PU cover
<br>Size: (L)46*(D)55*(H)73 cm Seat High: 48 cm
<br>Materials: WOOD,PU
<br>",,כסאות,F2-236,,543,,TRUE,PERCENT,0,InStock,0,,,,,,,,,,,,,,,,,,,,,,,,,,,,,,
product_edd52e94-97f5-029b-38d8-237e70704357,Product,CHAIR F2-219,"Description: Chair, Structure Painted Iron
<br>Size: (L)54*(D)50*(H)79 cm Seat High: 44 cm
<br>Materials: METAL
<br>",,כסאות,F2-219,,291,,TRUE,PERCENT,0,InStock,0,צבע,DROP_DOWN,BLACK;WHITE,,,,,,,,,,,,,,,,,,,,,,,,,,,
product_07a765f0-bb70-6c31-7865-921eccbad5dc,Product,CHAIR F2-263,"Description: Chair, Structure Wood with PU/Fabric cover
<br>Size: (L)55*(D)55*(H)86 cm Seat High: 47 cm
<br>Materials: WOOD,FABRIC/PU
<br>",,כסאות,F2-263,,740,,TRUE,PERCENT,0,InStock,0,,,,,,,,,,,,,,,,,,,,,,,,,,,,,,
product_a1d2404a-ab52-fc14-7035-dd00266e4826,Product,CHAIR F2-98,"Description: Chair, Structure Stainless Steel with Fabric cover
<br>Size: (L)50*(W)52*(H)110 cm
<br>Materials: STAINLESS STEEL,FABRIC
<br>",,כסאות,F2-98,,866,,TRUE,PERCENT,0,InStock,0,,,,,,,,,,,,,,,,,,,,,,,,,,,,,,
product_1f02146e-b448-f4fa-b480-5d17a6e837d4,Product,CHAIR F2-68,"Description: Chair, Structure Seat in PP , Legs in Metal
<br>Size: (L)53*(W)57*(H)78 cm Seat High: 44 cm
<br>Materials: PP,METAL
<br>",,כסאות,F2-68,,190,,TRUE,PERCENT,0,InStock,0,צבע,DROP_DOWN,WHITE;BLACK;RED;GREEN;BLUE;YELLOW,,,,,,,,,,,,,,,,,,,,,,,,,,,
product_248d78fc-6c33-30e3-0979-a78fddf4f7e3,Product,CHAIR F2-253,"Description: Chair, Structure Wood with PP seat
<br>Materials: WOOD,PP
<br>",,כסאות,F2-253,,0,,TRUE,PERCENT,0,InStock,0,צבע,DROP_DOWN,WHITE;BLACK NATURAL WOOD;DARK WOOD,,,,,,,,,,,,,,,,,,,,,,,,,,,
product_8898febf-056b-b308-5a91-5bd468b40a66,Product,CHAIR F2-73,"Description: Chair, Structure Seat in PP , Legs in Wood &amp; Metal
<br>Size: (L)49*(W)47*(H)78 cm Seat High: 46 cm
<br>Materials: PP,WOOD,METAL
<br>",,כסאות,F2-73,,205,,TRUE,PERCENT,0,InStock,0,צבע,DROP_DOWN,WHITE;BLACK;RED;BLUE;YELLOW,,,,,,,,,,,,,,,,,,,,,,,,,,,
product_ee88d9cb-32d0-42ad-d8a3-e542bc60df44,Product,CHAIR F2-139,"Description: Chair, Structure PP &amp; Aluminium legs
<br>Materials: ALUMINIUM,PP
<br>",,כסאות,F2-139,,0,,TRUE,PERCENT,0,InStock,0,צבע,DROP_DOWN,WHITE,,,,,,,,,,,,,,,,,,,,,,,,,,,
product_09f13c94-3eda-84a3-5d98-f94a71a0e3ae,Product,CHAIR F2-292,"Description: Chair, Structure Full PC
<br>Size: (L)51*(D)49*(H)78 cm Seat High: 45 cm
<br>Materials: PC
<br>",,כסאות,F2-292,,370,,TRUE,PERCENT,0,InStock,0,צבע,DROP_DOWN,CLEAR;RED;BLUE;SMOKE;ORANGE;SOLID WHITE;SOLID BLACK,,,,,,,,,,,,,,,,,,,,,,,,,,,
product_8f8bfe3e-ee32-e6e6-9d30-63c07f059ad1,Product,CHAIR F2-272,"Description: Chair, Structure Full PP
<br>Size: (L)53*(D)46*(H)81 cm Seat High: 46 cm
<br>Materials: PP
<br>",,כסאות,F2-272,,228,,TRUE,PERCENT,0,InStock,0,צבע,DROP_DOWN,WHITE;BEIGE;LIGHT YELLOW;LIGHT GREY;LIME,,,,,,,,,,,,,,,,,,,,,,,,,,,
product_d927ff7a-91ce-dcc7-8f0b-3cc3b9a5ef0c,Product,CHAIR F2-280,"Description: Chair, Structure Wood with PU/Fabric Seat
<br>Size: (L)57*(D)52*(H)78 cm Seat High: 44 cm
<br>Materials: WOOD,PU/FABRIC
<br>",,כסאות,F2-280,,0,,TRUE,PERCENT,0,InStock,0,צבע,DROP_DOWN,PILLOW: BLACK;WHITE;RED,,,,,,,,,,,,,,,,,,,,,,,,,,,
product_c59448bc-ca9a-a9dc-5610-923031538196,Product,CHAIR F2-71,"Description: Chair, Structure Seat in PP , Legs in Metal
<br>Size: (L)55*(W)64*(H)82 cm Seat High: 47 cm
<br>Materials: PP,METAL
<br>",,כסאות,F2-71,,190,,TRUE,PERCENT,0,InStock,0,צבע,DROP_DOWN,WHITE;BLACK;RED;ORANGE,,,,,,,,,,,,,,,,,,,,,,,,,,,
product_72cdf02d-8ecd-6566-5d6d-e4effc86500c,Product,CHAIR F2-106,"Description: Chair, Structure Stainless Steel with PU cover
<br>Size: (L)60*(W)45*(H)95 cm
<br>Materials: STAINLESS STEEL,PU
<br>",,כסאות,F2-106,,630,,TRUE,PERCENT,0,InStock,0,,,,,,,,,,,,,,,,,,,,,,,,,,,,,,
product_73bb8e87-9a4e-36d1-e20e-7cad2dd39cf6,Product,CHAIR F2-43,"Description: Chair, structure Full PC
<br>Size: (L)56*(W)53*(H)93 cm Seat High: 47 cm
<br>Materials: PC
<br>",,כסאות,F2-43,,209,,TRUE,PERCENT,0,InStock,0,צבע,DROP_DOWN,WHITE;BLACK;RED,,,,,,,,,,,,,,,,,,,,,,,,,,,
product_8d69ea3c-2b5b-b518-cf8d-f3de430a1ac6,Product,CHAIR F2-140,"Description: Chair, Structure Full PP
<br>Size: (L)60*(D)57*(H)78 cm Seat High: 44 cm
<br>Materials: PP
<br>",,כסאות,F2-140,,190,,TRUE,PERCENT,0,InStock,0,צבע,DROP_DOWN,WHITE;LIME;LIGHT GREY;LIGHT YELLOW;BEIGE;COFFEE;RED;BLACK,,,,,,,,,,,,,,,,,,,,,,,,,,,
product_d174286b-6e7e-f1f6-2825-8d74d0f0414c,Product,CHAIR F2-132,"Description: Chair, Structure PP &amp; Wood legs with Fabric cover
<br>Size: (L)55*(D)55*(H)87 cm Seat High: 48 cm
<br>Materials: WOOD,PP,FABRIC
<br>",,כסאות,F2-132,,709,,TRUE,PERCENT,0,InStock,0,,,,,,,,,,,,,,,,,,,,,,,,,,,,,,
product_69b63845-1a5b-d21e-9371-8d09df036205,Product,CHAIR F2-10,"Description: Chair, Structure Full ABS
<br>Size: (L)56*(W)52*(H)83.5 cm Seat High: 48 cm
<br>Materials: PC
<br>",,כסאות,F2-10,,236,,TRUE,PERCENT,0,InStock,0,צבע,DROP_DOWN,WHITE;BLACK;RED;GREEN;BLUE;YELLOW;GREY;ORANGE;CLEAR;SMOKE GREY;CLEAR RED,,,,,,,,,,,,,,,,,,,,,,,,,,,
product_ffda0e44-9b68-5bff-a3c8-1e9ce6bc30a4,Product,CHAIR F2-41,"Description: Chair, Structure Seat in ABS, Legs in Metal
<br>Size: (L)56*(W)61*(H)80 cm Seat High: 45 cm
<br>Materials: ABS,METAL
<br>",,כסאות,F2-41,,0,,TRUE,PERCENT,0,InStock,0,צבע,DROP_DOWN,WHITE;BLACK;RED;BLUE;YELLOW,,,,,,,,,,,,,,,,,,,,,,,,,,,
product_1536912f-4926-6847-96e3-b4406b21e93e,Product,CHAIR F2-220,"Description: Chair, Structure Full PP
<br>Size: (L)50*(D)47*(H)84 cm Seat High: 45 cm
<br>Materials: PP
<br>",,כסאות,F2-220,,190,,TRUE,PERCENT,0,InStock,0,צבע,DROP_DOWN,WHITE;BEIGE;LIGHT YELLOW;LIGHT GREY,,,,,,,,,,,,,,,,,,,,,,,,,,,
product_57426bcb-47ca-8dd9-bebf-566d51e87c58,Product,CHAIR F2-192,,,כסאות,F2-192,,0,,TRUE,PERCENT,0,InStock,0,,,,,,,,,,,,,,,,,,,,,,,,,,,,,,
product_0146254e-988e-fe31-61da-fcfb9552035c,Product,CHAIR F2-9,"Description: Chair, Structure Seat in PP , Legs in Metal
<br>Size: (L)50*(W)56.5*(H)75 cm Seat High: 46 cm
<br>Materials: PP,METAL
<br>",,כסאות,F2-9,,190,,TRUE,PERCENT,0,InStock,0,צבע,DROP_DOWN,WHITE;BLACK;RED;GREEN;BLUE;YELLOW;ORANGE,,,,,,,,,,,,,,,,,,,,,,,,,,,
product_d0d0ed6f-0fa6-53c6-16e2-ca2daa3a1d9d,Product,CHAIR F2-262,"Description: Chair, Structure Wood with PU/Fabric cover
<br>Size: (L)58*(D)56*(H)80 cm Seat High: 49 cm
<br>Materials: WOOD,FABRIC/PU
<br>",,כסאות,F2-262,,740,,TRUE,PERCENT,0,InStock,0,,,,,,,,,,,,,,,,,,,,,,,,,,,,,,
product_db10a3e6-0f8d-3a07-9f3d-f9ed6fd3241b,Product,CHAIR F2-95,"Description: Chair, Structure Fiber glass frame with Fabric cover
<br>Size: (L)70*(W)66*(H)74 cm
<br>Materials: FIBER GLASS,FABRIC
<br>",,כסאות,F2-95,,866,,TRUE,PERCENT,0,InStock,0,,,,,,,,,,,,,,,,,,,,,,,,,,,,,,
product_6236b59c-1372-da7e-e283-5ddc0cee65f9,Product,CHAIR F2-58,"Description: Chair, Structure Seat in PP , Legs in Wood
<br>Size: (L)62*(W)62*(H)83 cm Seat High: 44 cm
<br>Materials: PP,WOOD
<br>",,כסאות,F2-58,,190,,TRUE,PERCENT,0,InStock,0,צבע,DROP_DOWN,WHITE;BLACK;RED;BLUE;GREEN;PINK;YELLOW,,,,,,,,,,,,,,,,,,,,,,,,,,,
product_ef67f111-3937-8dc1-4f9f-0442bd14e859,Product,CHAIR F2-173,"Description: Chair, Structure Full PP
<br>Size: (L)53*(D)57*(H)81 cm Seat High: 46 cm
<br>Materials: PP
<br>",,כסאות,F2-173,,228,,TRUE,PERCENT,0,InStock,0,צבע,DROP_DOWN,WHITE;BEIGE;LIGHT YELLOW;LIGHT GREY;LIME,,,,,,,,,,,,,,,,,,,,,,,,,,,
product_d34cdb8a-079c-804a-afa4-f71cc0c2d8e9,Product,CHAIR F2-101,"Description: Chair, Structure Stainless Steel with Fabric cover
<br>Size: (L)48*(W)55*(H)98 cm
<br>Materials: STAINLESS STEEL,FABRIC
<br>",,כסאות,F2-101,,827,,TRUE,PERCENT,0,InStock,0,,,,,,,,,,,,,,,,,,,,,,,,,,,,,,
product_10debce3-8ba5-3cdc-a72b-17e2d210daba,Product,CHAIR F2-261,"Description: Chair, Structure Wood with PU/Fabric cover
<br>Size: (L)58*(D)56*(H)80 cm Seat High: 49 cm
<br>Materials: WOOD,FABRIC/PU
<br>",,כסאות,F2-261,,709,,TRUE,PERCENT,0,InStock,0,,,,,,,,,,,,,,,,,,,,,,,,,,,,,,
product_8e8b895a-b517-e467-26b4-1a15cbb46478,Product,CHAIR F2-260,"Description: Chair, Structure Wood with PU/Fabric cover
<br>Size: (L)58*(D)56*(H)80 cm Seat High: 49 cm
<br>Materials: WOOD,FABRIC/PU
<br>",,כסאות,F2-260,,709,,TRUE,PERCENT,0,InStock,0,,,,,,,,,,,,,,,,,,,,,,,,,,,,,,
product_3fbc3757-7eb4-5616-aed5-40df967915ac,Product,CHAIR F2-241,"Description: Chair, Structure Full PP
<br>Materials: PP
<br>",,כסאות,F2-241,,0,,TRUE,PERCENT,0,InStock,0,,,,,,,,,,,,,,,,,,,,,,,,,,,,,,
product_004d71fd-5583-db26-a077-3cbb25ce1d0e,Product,CHAIR F2-99,"Description: Chair, Structure Stainless Steel with Fabric cover
<br>Size: (L)50*(W)55*(H)94 cm
<br>Materials: STAINLESS STEEL,FABRIC
<br>",,כסאות,F2-99,,536,,TRUE,PERCENT,0,InStock,0,,,,,,,,,,,,,,,,,,,,,,,,,,,,,,
product_15cfed29-83a6-1f0f-bb3a-a3ddded302ce,Product,CHAIR F2-26,"Description: Chair, Structure Seat in ABS, Legs in Wood
<br>Materials: ABS,WOOD
<br>",,כסאות,F2-26,,0,,TRUE,PERCENT,0,InStock,0,צבע,DROP_DOWN,CLEAR;SMOKE GREY;CLEAR RED;CLEAR ORANGE;CLEAR PINK,,,,,,,,,,,,,,,,,,,,,,,,,,,
product_e3c7af8b-9530-ce53-4a74-1251e94dd0b5,Product,CHAIR F2-194,"Description: Chair, Structure PP &amp; Wood legs
<br>Materials: WOOD,PP
<br>",,כסאות,F2-194,,441,,TRUE,PERCENT,0,InStock,0,,,,,,,,,,,,,,,,,,,,,,,,,,,,,,
product_48cb34a4-4084-a0aa-d35f-9abc03f448a2,Product,CHAIR F2-228D,"Description: Chair, Structure PC with Fabric cover
<br>Size: (L)50*(D)47*(H)76 cm Seat High: 44 cm
<br>Materials: PC,FABRIC
<br>",,כסאות,F2-228D,,543,,TRUE,PERCENT,0,InStock,0,,,,,,,,,,,,,,,,,,,,,,,,,,,,,,
product_ce1690e0-f3bd-6235-a639-c0e19ec20bc8,Product,CHAIR F2-114,"Description: Chair, Structure PP &amp; Painted Iron legs with Fabric cover
<br>Size: (L)62*(W)58*(H)87 cm
<br>Materials: PAINTED IRON,FABRIC,PP
<br>",,כסאות,F2-114,,2087,,TRUE,PERCENT,0,InStock,0,,,,,,,,,,,,,,,,,,,,,,,,,,,,,,
product_e6cb48e9-03a9-3d07-993d-0fc0a6bba589,Product,CHAIR F2-195,"Description: Chair, Structure Acrylic with Metal (Chrome) legs
<br>Size: (L)46*(D)49*(H)77 cm Seat High: 47 cm
<br>Materials: ACRYLIC,METAL
<br>",,כסאות,F2-195,,0,,TRUE,PERCENT,0,InStock,0,,,,,,,,,,,,,,,,,,,,,,,,,,,,,,
product_07c3158b-c012-e4a1-bfcb-c82f3a370125,Product,CHAIR F2-165,"Description: Chair, Structure Full PC
<br>Size: (L)56*(D)46*(H)78 cm Seat High: 43 cm
<br>Materials: PC
<br>",,כסאות,F2-165,,284,,TRUE,PERCENT,0,InStock,0,צבע,DROP_DOWN,CLEAR;SMOKE GREY,,,,,,,,,,,,,,,,,,,,,,,,,,,
product_4164cb08-69df-3166-1939-7194059ca518,Product,CHAIR F2-30,"Description: Chair, Structure Seat in ABS, Legs in Wood
<br>Materials: ABS,WOOD
<br>",,כסאות,F2-30,,0,,TRUE,PERCENT,0,InStock,0,צבע,DROP_DOWN,CLEAR;SMOKE GREY;CLEAR YELLOW,,,,,,,,,,,,,,,,,,,,,,,,,,,
product_54cf7f7a-aef7-5201-94ee-75a300aa754e,Product,CHAIR F2-5,"Description: Chair, Structure Seat in PP cover with Fabric, Legs in Metal and Wood
<br>Materials: PP,FABRIC,WOOD,METAL
<br>",,כסאות,F2-5,,0,,TRUE,PERCENT,0,InStock,0,,,,,,,,,,,,,,,,,,,,,,,,,,,,,,
product_31b957ee-7a7c-1b77-0cce-a32ef6aa9d77,Product,CHAIR F2-265,"Description: Chair, Structure Metal with PU/Fabric cover
<br>Materials: METAL,FABRIC/PU
<br>",,כסאות,F2-265,,0,,TRUE,PERCENT,0,InStock,0,,,,,,,,,,,,,,,,,,,,,,,,,,,,,,
product_e3051614-9441-11b1-8cb5-debb149be742,Product,CHAIR F2-136,"Description: Chair, Structure PP &amp; Aluminium legs
<br>Materials: ALUMINIUM,PP
<br>",,כסאות,F2-136,,0,,TRUE,PERCENT,0,InStock,0,,,,,,,,,,,,,,,,,,,,,,,,,,,,,,
product_ece6f421-a35f-779f-b025-8b2664ebdb04,Product,CHAIR F2-64,"Description: Chair, Structure Seat in PP , Legs in Wood &amp; Metal
<br>Size: (L)54*(W)47*(H)75 cm Seat High: 43 cm
<br>Materials: PP,WOOD,METAL
<br>",,כסאות,F2-64,,190,,TRUE,PERCENT,0,InStock,0,צבע,DROP_DOWN,WHITE;BLACK;RED;GREEN;BLUE;YELLOW;PEACH;PINK,,,,,,,,,,,,,,,,,,,,,,,,,,,
product_157daf14-5bd5-b284-017c-df131d3b85a8,Product,CHAIR F2-121,"Description: Chair, Structure Iron (Chrome) with PU cover
<br>Size: (L)52*(W)49*(H)86 cm
<br>Materials: IRON(CHROME),PU
<br>",,כסאות,F2-121,,315,,TRUE,PERCENT,0,InStock,0,,,,,,,,,,,,,,,,,,,,,,,,,,,,,,
product_fcd12954-abba-0d41-af2c-2e9d0bf8fb7f,Product,CHAIR F2-79,"Description: Chair, Structure Full PP
<br>Size: (L)51*(W)44*(H)84 cm Seat High: 45 cm
<br>Materials: PP
<br>",,כסאות,F2-79,,190,,TRUE,PERCENT,0,InStock,0,צבע,DROP_DOWN,WHITE;BLACK;RED;GREEN;BLUE;YELLOW;GREY;ORANGE,,,,,,,,,,,,,,,,,,,,,,,,,,,
product_505342f5-126c-73b5-d2e8-db756395fd76,Product,CHAIR F2-241,"Description: Chair, Structure ABS with Fabric cover
<br>Size: (L)56*(D)56*(H)80 cm Seat High: 46 cm
<br>Materials: ABS,METAL,FABRIC
<br>",,כסאות,F2-242,,677,,TRUE,PERCENT,0,InStock,0,צבע,DROP_DOWN,WHITE;BLACK,,,,,,,,,,,,,,,,,,,,,,,,,,,
product_f1f31bb9-012d-33d9-437f-fe54b0d59de4,Product,CHAIR F2-290,"Description: Chair, Structure Metal with PC seat
<br>Size: (L)50*(D)57*(H)94 cm Seat High: 40-57 cm
<br>Materials: METAL,PC
<br>",,כסאות,F2-290,,417,,TRUE,PERCENT,0,InStock,0,צבע,DROP_DOWN,CLEAR;RED;SOLID WHITE;TRANS BLUE;SMOKE,,,,,,,,,,,,,,,,,,,,,,,,,,,
product_b6622e3e-3111-91fb-4dba-d5cc72037448,Product,CHAIR F2-224,"Description: Chair, Structure PP seat &amp; legs with PC back
<br>Size: (L)51*(D)46*(H)81 cm Seat High: 47 cm
<br>Materials: PP,PC
<br>",,כסאות,F2-224,,228,,TRUE,PERCENT,0,InStock,0,צבע,DROP_DOWN,CLEAR;ORANGE;RED;YELLOW,,,,,,,,,,,,,,,,,,,,,,,,,,,
product_60bde30d-9f6c-713c-0e28-df51364750ad,Product,CHAIR F2-189,"Description: Chair, Structure Full PP
<br>Size: (L)55*(D)52*(H)82 cm Seat High: 46 cm
<br>Materials: PP
<br>",,כסאות,F2-189,,190,,TRUE,PERCENT,0,InStock,0,,,,,,,,,,,,,,,,,,,,,,,,,,,,,,
product_2945369e-d29b-135d-6198-2c383026b2d1,Product,CHAIR F2-12,"Description: Chair, Structure Full ABS
<br>Size: (L)56*(W)41*(H)79.5 cm Seat High: 45 cm
<br>Materials: ABS
<br>",,כסאות,F2-12,,219,,TRUE,PERCENT,0,InStock,0,צבע,DROP_DOWN,CLEAR;SMOKE GREY;CLEAR RED,,,,,,,,,,,,,,,,,,,,,,,,,,,
product_15a9c457-6b1c-8bc3-ade5-631fdf5fef65,Product,CHAIR F2-107,,,כסאות,F2-107,,0,,TRUE,PERCENT,0,InStock,0,,,,,,,,,,,,,,,,,,,,,,,,,,,,,,
product_a4367e8f-f75a-4397-52e9-b01e0996c8e2,Product,CHAIR F2-18,"Description: Chair, Structure Seat in PP , Legs in Metal
<br>Size: (L)55*(W)56.5*(H)75 cm Seat High: 44 cm
<br>Materials: PP,METAL
<br>",,כסאות,F2-18,,190,,TRUE,PERCENT,0,InStock,0,צבע,DROP_DOWN,WHITE;BLACK;RED;BLUE;GREEN;YELLOW;ORANGE,,,,,,,,,,,,,,,,,,,,,,,,,,,
product_24e0092f-2f00-0924-6866-167c6c73b43c,Product,CHAIR F2-245,"Description: Chair, Structure Full PP
<br>Size: (L)54*(D)53*(H)81 cm Seat High: 46 cm
<br>Materials: PP
<br>",,כסאות,F2-245,,228,,TRUE,PERCENT,0,InStock,0,צבע,DROP_DOWN,WHITE;BEIGE;LIGHT YELLOW;LIGHT GREY;LIME;ORANGE,,,,,,,,,,,,,,,,,,,,,,,,,,,
product_6324680f-d8f6-ef79-9c94-1a88e348c46f,Product,CHAIR F2-103,"Description: Chair, Structure Stainless Steel with Fabric cover
<br>Size: (L)47*(W)55*(H)105 cm
<br>Materials: STAINLESS STEEL,FABRIC
<br>",,כסאות,F2-103,,866,,TRUE,PERCENT,0,InStock,0,,,,,,,,,,,,,,,,,,,,,,,,,,,,,,
product_379615f6-6f75-b90d-584c-c896b2a21651,Product,CHAIR F2-52,"Description: Chair, Structure Seat in PP cover with PU, Legs in Metal and Wood
<br>Size: (L)55*(W)47*(H)82 cm Seat High: 44 cm
<br>Materials: PP,PU,WOOD,METAL
<br>",,כסאות,F2-52,,276,,TRUE,PERCENT,0,InStock,0,,,,,,,,,,,,,,,,,,,,,,,,,,,,,,
product_c3393140-2e10-a5a0-7f14-70052b8559c5,Product,CHAIR F2-151,"Description: Chair, Structure Full PP
<br>Size: (L)52*(D)50*(H)71 cm
<br>Materials: PP
<br>",,כסאות,F2-151,,0,,TRUE,PERCENT,0,InStock,0,,,,,,,,,,,,,,,,,,,,,,,,,,,,,,
product_26d233ad-aa19-bcc3-24bd-8ba296719436,Product,CHAIR F2-288,"Description: Chair, Structure Metal with PC seat
<br>Size: (L)62*(D)62*(H)80 cm Seat High: 47 cm
<br>Materials: METAL,PC
<br>",,כסאות,F2-288,,417,,TRUE,PERCENT,0,InStock,0,צבע,DROP_DOWN,CLEAR;SMOKE GREY;RED,,,,,,,,,,,,,,,,,,,,,,,,,,,
product_3cdbd59b-2a9f-87b2-8034-c476f42b0df2,Product,CHAIR F2-246,"Description: Chair, Structure Painted Aluminium
<br>Size: (L)48*(D)54*(H)81 cm Seat High: 46 cm
<br>Materials: ALUMINIUM
<br>",,כסאות,F2-246,,473,,TRUE,PERCENT,0,InStock,0,צבע,DROP_DOWN,WHITE;BLACK;RED,,,,,,,,,,,,,,,,,,,,,,,,,,,
product_085be5bb-5de9-c5ed-353d-2a9b3e55a2e6,Product,CHAIR F2-191,"Description: Chair, Structure Aluminium
<br>Size: (L)58*(D)66*(H)81 cm Seat High: 44 cm
<br>Materials: ALUMINIUM
<br>",,כסאות,F2-191,,583,,TRUE,PERCENT,0,InStock,0,,,,,,,,,,,,,,,,,,,,,,,,,,,,,,
product_c7195787-8c91-2d72-b4cb-6b12182171c2,Product,CHAIR F2-47,"Description: Chair, Structure Seat in PP , Legs in Wood
<br>Size: (L)56*(W)46*(H)80 cm Seat High: 42 cm
<br>Materials: PP,WOOD
<br>",,כסאות,F2-47,,213,,TRUE,PERCENT,0,InStock,0,צבע,DROP_DOWN,WHITE;BLACK;RED;GREEN;BLUE;YELLOW;PEACH;PINK;ORANGE,,,,,,,,,,,,,,,,,,,,,,,,,,,
product_8df735ca-cc9b-3523-da65-2e0de4185ef6,Product,CHAIR F2-146,"Description: Chair, Structure Wood with PU cover
<br>Size: (L)58*(D)46*(H)108 cm Seat High: 48 cm
<br>Materials: WOOD,PU
<br>",,כסאות,F2-146,,536,,TRUE,PERCENT,0,InStock,0,צבע,DROP_DOWN,WOOD,,,,,,,,,,,,,,,,,,,,,,,,,,,
product_8c55c47b-4b82-0d62-3ed4-f200f44768e2,Product,CHAIR F2-88,"Description: Chair, Structure Birch Wood with PU pillow seat
<br>Size: (L)55*(W)64*(H)76 cm Seat High: 46 cm
<br>Materials: WOOD,PU
<br>",,כסאות,F2-88,,473,,TRUE,PERCENT,0,InStock,0,,,,,,,,,,,,,,,,,,,,,,,,,,,,,,
product_090631e5-8c61-462f-4211-119bc893275a,Product,CHAIR F2-141,"Description: Chair, Structure PP &amp; Metal legs with Fabric cover
<br>Size: (L)56*(D)58*(H)80 cm Seat High: 46.5 cm
<br>Materials: METAL,PP
<br>",,כסאות,F2-141,,190,,TRUE,PERCENT,0,InStock,0,,,,,,,,,,,,,,,,,,,,,,,,,,,,,,
product_4a756e7c-e6af-4fd5-55cf-5bce64558023,Product,CHAIR F2-162,"Description: Chair, Structure Wood with Fabric cover
<br>Size: (L)49*(D)46*(H)62 cm Seat High: 31 cm
<br>Materials: WOOD,FABRIC
<br>",,כסאות,F2-162,,0,,TRUE,PERCENT,0,InStock,0,,,,,,,,,,,,,,,,,,,,,,,,,,,,,,
product_5951b6ae-5408-bc2f-5377-5b122939551a,Product,CHAIR F2-67,"Description: Chair, Structure Seat in PP , Legs in Wood &amp; Metal
<br>Size: (L)53*(W)58*(H)75 cm Seat High: 44 cm
<br>Materials: PP,WOOD,METAL
<br>",,כסאות,F2-67,,190,,TRUE,PERCENT,0,InStock,0,צבע,DROP_DOWN,WHITE;BLACK;RED;GREEN;BLUE;YELLOW,,,,,,,,,,,,,,,,,,,,,,,,,,,
product_a4c528ea-8e6b-c9ca-ac7a-f58e975726c3,Product,CHAIR F2-14,"Description: Chair, Structure Full PP
<br>Size: (L)59.5*(W)58*(H)79.5 cm Seat High: 45 cm
<br>Materials: PP
<br>",,כסאות,F2-14,,276,,TRUE,PERCENT,0,InStock,0,צבע,DROP_DOWN,BLACK;WHITE,,,,,,,,,,,,,,,,,,,,,,,,,,,
product_6609fc06-e34a-651c-3796-1d57649a019d,Product,CHAIR F2-40,"Description: Chair, Structure Seat in ABS, Legs in Metal
<br>Size: (L)56*(W)61*(H)80 cm Seat High: 45 cm
<br>Materials: ABS,METAL
<br>",,כסאות,F2-40,,0,,TRUE,PERCENT,0,InStock,0,צבע,DROP_DOWN,WHITE;BLACK;RED;BLUE;YELLOW,,,,,,,,,,,,,,,,,,,,,,,,,,,
product_b2da1849-f28c-6687-d76a-aae1cc943b6c,Product,CHAIR F2-300,"Description: Chair, Structure Full PC
<br>Size: (L)48*(D)41*(H)81 cm Seat High: 46 cm
<br>Materials: PC
<br>",,כסאות,F2-300,,378,,TRUE,PERCENT,0,InStock,0,צבע,DROP_DOWN,CLEAR;SMOKE GREY,,,,,,,,,,,,,,,,,,,,,,,,,,,
product_68cc39c0-5582-e122-7d02-dacf1f46dc1d,Product,CHAIR F2-275,"Description: Chair, Structure Metal with Wood Back &amp; Seat
<br>Size: (L)51*(D)46*(H)77 cm Seat High: 44 cm
<br>Materials: METAL,WOOD
<br>",,כסאות,F2-275,,0,,TRUE,PERCENT,0,InStock,0,,,,,,,,,,,,,,,,,,,,,,,,,,,,,,
product_8b357a71-8a8c-0c51-1317-faf2f40fe3af,Product,CHAIR F2-125,"<p><b>אפשרות 1:</b></p>Description: Chair, Structure Stainless Steel (Chrome) with PU cover
<br>Size: (L)63*(D)73*(H)74 cm
<br>Materials: STAINLESS STEEL(CHROME),PU
<br>
<p><b>אפשרות 2:</b></p>Description: Chair, Structure Stainless Steel (Chrome) with Leather cover
<br>Size: (L)63*(D)73*(H)74 cm
<br>Materials: STAINLESS STEEL(CHROME),LEATHER
<br>
<p><b>אפשרות 3:</b></p>Description: Chair, Structure Stainless Steel (Chrome) with Italian Leather cover
<br>Size: (L)63*(D)73*(H)74 cm
<br>Materials: STAINLESS STEEL(CHROME),ITALIAN LEATHER
<br>",,כסאות,F2-125,,606,,TRUE,PERCENT,0,InStock,0,אפשרויות,DROP_DOWN,אפשרות 1;אפשרות 2;אפשרות 3,,,,,,,,,,,,,,,,,,,,,,,,,,,
product_8b357a71-8a8c-0c51-1317-faf2f40fe3af,Variant,,,,,F2-125_0,,,0,TRUE,,,InStock,0,,,אפשרות 1,,,,,,,,,,,,,,,,,,,,,,,,,,,
product_8b357a71-8a8c-0c51-1317-faf2f40fe3af,Variant,,,,,F2-125_1,,,252,TRUE,,,InStock,0,,,אפשרות 2,,,,,,,,,,,,,,,,,,,,,,,,,,,
product_8b357a71-8a8c-0c51-1317-faf2f40fe3af,Variant,,,,,F2-125_2,,,292,TRUE,,,InStock,0,,,אפשרות 3,,,,,,,,,,,,,,,,,,,,,,,,,,,
product_3d943cec-bc30-3899-d459-adf78b6a6b49,Product,CHAIR F2-179,"<p><b>אפשרות 1:</b></p>Description: Chair, Structure PP with Fabric cover &amp; Wood legs
<br>Size: (L)63*(D)67*(H)82 cm Seat High: 46 cm
<br>Materials: WOOD,PP,FABRIC
<br>
<p><b>אפשרות 2:</b></p>Description: Chair, Structure PP with Fabric cover &amp; Wood legs
<br>Size: (L)63*(D)67*(H)82 cm Seat High: 46 cm
<br>Materials: WOOD,PP,FABRIC
<br>
<p><b>אפשרות 3:</b></p>Description: Chair, Structure PP with Fabric cover &amp; Wood legs
<br>Size: (L)63*(D)67*(H)82 cm Seat High: 46 cm
<br>Materials: WOOD,PP,FABRIC
<br>
<p><b>אפשרות 4:</b></p>Description: Chair, Structure PP with Fabric cover &amp; Wood legs
<br>Size: (L)63*(D)67*(H)82 cm Seat High: 46 cm
<br>Materials: WOOD,PP,FABRIC
<br>",,כסאות,F2-179,,543,,TRUE,PERCENT,0,InStock,0,אפשרויות,DROP_DOWN,אפשרות 1;אפשרות 2;אפשרות 3;אפשרות 4,,,,,,,,,,,,,,,,,,,,,,,,,,,
product_3d943cec-bc30-3899-d459-adf78b6a6b49,Variant,,,,,F2-179_0,,,0,TRUE,,,InStock,0,,,אפשרות 1,,,,,,,,,,,,,,,,,,,,,,,,,,,
product_3d943cec-bc30-3899-d459-adf78b6a6b49,Variant,,,,,F2-179_1,,,0,TRUE,,,InStock,0,,,אפשרות 2,,,,,,,,,,,,,,,,,,,,,,,,,,,
product_3d943cec-bc30-3899-d459-adf78b6a6b49,Variant,,,,,F2-179_2,,,0,TRUE,,,InStock,0,,,אפשרות 3,,,,,,,,,,,,,,,,,,,,,,,,,,,
product_3d943cec-bc30-3899-d459-adf78b6a6b49,Variant,,,,,F2-179_3,,,0,TRUE,,,InStock,0,,,אפשרות 4,,,,,,,,,,,,,,,,,,,,,,,,,,,
product_8478818e-61fa-2cc1-c2a1-bc18071cb0f2,Product,CHAIR F2-222,"Description: Chair, Structure Full PP
<br>Materials: PP
<br>",,כסאות,F2-222,,0,,TRUE,PERCENT,0,InStock,0,,,,,,,,,,,,,,,,,,,,,,,,,,,,,,
product_fe154aec-57df-7a8d-69ab-13fb3fd59f6d,Product,CHAIR F2-273,"Description: Chair, Structure Full PP
<br>Size: (L)53*(D)46*(H)81 cm Seat High: 46 cm
<br>Materials: PP
<br>",,כסאות,F2-273,,291,,TRUE,PERCENT,0,InStock,0,צבע,DROP_DOWN,WHITE;BEIGE;LIGHT YELLOW;LIGHT GREY;LIME,,,,,,,,,,,,,,,,,,,,,,,,,,,
product_37c7d388-b0ab-3c9e-7fb6-53edbb077e34,Product,CHAIR F2-286,"Description: Chair, Structure Wood with Fabric cover
<br>Size: (L)57*(D)48*(H)86 cm Seat High: 44 cm
<br>Materials: WOOD,FABRIC
<br>",,כסאות,F2-286,,748,,TRUE,PERCENT,0,InStock,0,,,,,,,,,,,,,,,,,,,,,,,,,,,,,,
product_ade77fc6-266d-32bd-b691-e02263e17442,Product,CHAIR F2-239,"Description: Chair, Structure PP with Fabric cover
<br>Size: (L)58*(D)61*(H)83 cm Seat High: 46 cm
<br>Materials: PP,FABRIC
<br>",,כסאות,F2-239,,725,,TRUE,PERCENT,0,InStock,0,,,,,,,,,,,,,,,,,,,,,,,,,,,,,,
product_f00b99d4-938a-e357-528e-3ba0de4b7080,Product,CHAIR F2-291,"Description: Chair, Structure Wood with PC seat
<br>Size: (L)61*(D)62*(H)78 cm Seat High: 45 cm
<br>Materials: WOOD,PC
<br>",,כסאות,F2-291,,512,,TRUE,PERCENT,0,InStock,0,צבע,DROP_DOWN,CLEAR;BLUE;RED,,,,,,,,,,,,,,,,,,,,,,,,,,,
product_7643088a-9d13-cac3-1ce7-452e9cdd1c7f,Product,CHAIR F2-181,"Description: Chair, Structure Wood with PU cover
<br>Size: (L)59*(D)49*(H)75 cm Seat High: 45 cm
<br>Materials: WOOD,PU
<br>",,כסאות,F2-181,,496,,TRUE,PERCENT,0,InStock,0,,,,,,,,,,,,,,,,,,,,,,,,,,,,,,
product_e8a35cf3-1a25-b836-9b75-813d2c683988,Product,CHAIR F2-32,"Description: Chair, Structure Full ABS
<br>Size: (L)49*(W)38.5*(H)81 cm Seat High: 48 cm
<br>Materials: ABS
<br>",,כסאות,F2-32,,190,,TRUE,PERCENT,0,InStock,0,צבע,DROP_DOWN,CLEAR;SMOKE GREY;CLEAR RED;CLEAR ORANGE;CLEAR PINK;CLEAR GREEN,,,,,,,,,,,,,,,,,,,,,,,,,,,
product_4635de65-44f1-d94e-504e-2f017483f917,Product,CHAIR F2-74,"Description: Chair, Structure Seat in PP , Legs in Wood &amp; Metal
<br>Materials: PP,METAL
<br>",,כסאות,F2-74,,0,,TRUE,PERCENT,0,InStock,0,,,,,,,,,,,,,,,,,,,,,,,,,,,,,,
product_4a03415e-24ae-0298-a537-aa0a045e55c0,Product,CHAIR F2-39,"Description: Chair, Structure Seat in ABS , Legs in Wood
<br>Size: (L)56*(W)61*(H)80 cm Seat High: 45 cm
<br>Materials: ABS,WOOD
<br>",,כסאות,F2-39,,190,,TRUE,PERCENT,0,InStock,0,צבע,DROP_DOWN,WHITE;BLACK;RED;BLUE;YELLOW,,,,,,,,,,,,,,,,,,,,,,,,,,,
product_252cd970-60b9-2131-6e68-43058cc40f83,Product,CHAIR F2-82,"Description: Chair, Structure Full PP
<br>Size: (L)60*(W)50*(H)85 cm Seat High: 44 cm
<br>Materials: PP
<br>",,כסאות,F2-82,,190,,TRUE,PERCENT,0,InStock,0,צבע,DROP_DOWN,WHITE;BLACK;RED,,,,,,,,,,,,,,,,,,,,,,,,,,,
product_11d355dd-a57b-2d01-f5cf-832f88475a99,Product,CHAIR F2-190,"Description: Chair, Structure Wood
<br>Size: (L)54*(D)51*(H)93 cm Seat High: 46 cm
<br>Materials: WOOD
<br>",,כסאות,F2-190,,795,,TRUE,PERCENT,0,InStock,0,צבע,DROP_DOWN,WHITE;WOOD,,,,,,,,,,,,,,,,,,,,,,,,,,,
product_46768ac3-01ec-a9c8-1279-650e598efa0e,Product,CHAIR F2-92,"Description: Chair, Structure Fiber glass frame with Fabric cover
<br>Size: (L)69*(W)59*(H)77 cm
<br>Materials: FIBER GLASS,FABRIC
<br>",,כסאות,F2-92,,1071,,TRUE,PERCENT,0,InStock,0,,,,,,,,,,,,,,,,,,,,,,,,,,,,,,
product_668a886d-000f-dcb9-2521-747842523b33,Product,CHAIR F2-128,"Description: Chair, Structure PP &amp; Painted Iron legs
<br>Size: (L)58*(D)61*(H)76 cm Seat High: 47 cm
<br>Materials: METAL,PP
<br>",,כסאות,F2-128,,370,,TRUE,PERCENT,0,InStock,0,צבע,DROP_DOWN,WHITE,,,,,,,,,,,,,,,,,,,,,,,,,,,
product_4c948548-d627-f35e-3f56-bf3f9ffcdfac,Product,CHAIR F2-152,"Description: Chair, Structure Wood with Fabric cover
<br>Size: (L)65*(D)60*(H)79 cm Seat High: 48 cm
<br>Materials: WOOD,FABRIC
<br>",,כסאות,F2-152,,0,,TRUE,PERCENT,0,InStock,0,,,,,,,,,,,,,,,,,,,,,,,,,,,,,,
product_589f8d4b-d8b2-35ee-e3a1-22952b387ae5,Product,CHAIR F2-182,"Description: Chair, Structure Wood with PU cover
<br>Size: (L)59*(D)58*(H)79 cm Seat High: 45 cm
<br>Materials: WOOD,PU
<br>",,כסאות,F2-182,,669,,TRUE,PERCENT,0,InStock,0,,,,,,,,,,,,,,,,,,,,,,,,,,,,,,
product_363e7736-28e8-19d7-2e2b-cef5ed78a1f8,Product,CHAIR F2-118,"Description: Chair, Structure Stainless Steel with PU cover
<br>Size: (L)45*(W)53*(H)81 cm
<br>Materials: STAINLESS STEEL,PU
<br>",,כסאות,F2-118,,354,,TRUE,PERCENT,0,InStock,0,,,,,,,,,,,,,,,,,,,,,,,,,,,,,,
product_fde017fd-4ccb-41bd-6561-05c7ba408a76,Product,CHAIR F2-150,"Description: Chair, Structure PP &amp; Metal legs with Fabric cover
<br>Size: (L)54*(D)63*(H)81 cm Seat High: 47 cm
<br>Materials: METAL,PP,FABRIC
<br>",,כסאות,F2-150,,205,,TRUE,PERCENT,0,InStock,0,,,,,,,,,,,,,,,,,,,,,,,,,,,,,,
product_af0e9abd-6275-4dac-7b84-4a5a5ee472f1,Product,CHAIR F2-96,"Description: Chair, Structure Fiber glass frame with Fabric cover
<br>Size: (L)77*(W)62*(H)76 cm
<br>Materials: FIBER GLASS,FABRIC
<br>",,כסאות,F2-96,,646,,TRUE,PERCENT,0,InStock,0,,,,,,,,,,,,,,,,,,,,,,,,,,,,,,
product_3be2282d-ed26-fa35-f08d-63dcbabb1a79,Product,CHAIR F2-100,"Description: Chair, Structure Stainless Steel with Fabric cover
<br>Size: (L)48*(W)55*(H)100 cm
<br>Materials: STAINLESS STEEL,FABRIC
<br>",,כסאות,F2-100,,866,,TRUE,PERCENT,0,InStock,0,,,,,,,,,,,,,,,,,,,,,,,,,,,,,,
product_a37c68a0-a859-51ff-38e0-30b965137d53,Product,CHAIR F2-174,"Description: Chair, Structure Full PP
<br>Size: (L)53*(D)57*(H)81 cm Seat High: 46 cm
<br>Materials: PP
<br>",,כסאות,F2-174,,228,,TRUE,PERCENT,0,InStock,0,צבע,DROP_DOWN,WHITE;BEIGE;LIGHT YELLOW;LIGHT GREY;LIME,,,,,,,,,,,,,,,,,,,,,,,,,,,
product_9ddd7b23-1de6-ebc0-b783-7676aabc9088,Product,CHAIR F2-53,"Description: Chair, Structure Seat in PP cover with Fabric, Legs in Metal
<br>Size: (L)55*(W)47*(H)82 cm Seat High: 44 cm
<br>Materials: PP,FABRIC,METAL
<br>",,כסאות,F2-53,,0,,TRUE,PERCENT,0,InStock,0,,,,,,,,,,,,,,,,,,,,,,,,,,,,,,
product_535beb52-a9b8-082a-21f1-de627932f3f3,Product,CHAIR F2-27,"Description: Chair, Structure Seat in ABS, Legs in Metal
<br>Size: (L)56*(W)61*(H)80 cm Seat High: 45 cm
<br>Materials: ABS,METAL
<br>",,כסאות,F2-27,,984,,TRUE,PERCENT,0,InStock,0,צבע,DROP_DOWN,CLEAR;SMOKE GREY;CLEAR YELLOW,,,,,,,,,,,,,,,,,,,,,,,,,,,
product_bde67680-3cc6-7231-3a0a-3e674571ae45,Product,CHAIR F2-196,"Description: Chair, Structure Ash wood with Fabric cover
<br>Size: (L)63*(D)53*(H)86 cm
<br>Materials: WOOD,FABRIC
<br>",,כסאות,F2-196,,748,,TRUE,PERCENT,0,InStock,0,,,,,,,,,,,,,,,,,,,,,,,,,,,,,,
product_0e6a75d0-81e4-9b07-8e05-0826adf3f227,Product,CHAIR F2-227,"Description: Chair, Structure Painted Iron with PU pillow
<br>Materials: METAL,PU
<br>",,כסאות,F2-227,,0,,TRUE,PERCENT,0,InStock,0,,,,,,,,,,,,,,,,,,,,,,,,,,,,,,
product_96e3a247-7d45-d30f-6545-d36bc11df9c8,Product,CHAIR F2-17,"Description: Chair, Structure Seat in PP , Legs in Wood
<br>Size: (L)55*(W)56.5*(H)77.5 cm Seat High: 47 cm
<br>Materials: PP,WOOD
<br>",,כסאות,F2-17,,205,,TRUE,PERCENT,0,InStock,0,צבע,DROP_DOWN,WHITE;BLACK;RED;BLUE;GREEN;YELLOW;ORANGE,,,,,,,,,,,,,,,,,,,,,,,,,,,
product_b0165973-c3da-ef54-de32-6bd52262d7c5,Product,CHAIR F2-163,"Description: Chair, Structure Wood with PP seat
<br>Size: (L)42*(D)41*(H)79 cm
<br>Materials: WOOD,PP
<br>",,כסאות,F2-163,,0,,TRUE,PERCENT,0,InStock,0,,,,,,,,,,,,,,,,,,,,,,,,,,,,,,
product_00a9b5f3-1275-982c-2b96-7c7d64860559,Product,CHAIR F2-264,"Description: Chair, Structure Wood with PU/Fabric cover
<br>Size: (L)58*(D)56*(H)80 cm Seat High: 49 cm
<br>Materials: WOOD,FABRIC/PU
<br>",,כסאות,F2-264,,709,,TRUE,PERCENT,0,InStock,0,,,,,,,,,,,,,,,,,,,,,,,,,,,,,,
product_7b854253-7deb-83e5-08a9-367c4a2d5333,Product,CHAIR F2-145,"Description: Chair, Structure PP &amp; Wood legs with Fabric cover
<br>Size: (L)61*(D)62*(H)80 cm Seat High: 45 cm
<br>Materials: WOOD,PP,FABRIC
<br>",,כסאות,F2-145,,347,,TRUE,PERCENT,0,InStock,0,,,,,,,,,,,,,,,,,,,,,,,,,,,,,,
product_4b8f1fb3-5569-71db-713b-2b1eca8544b2,Product,CHAIR F2-353,"Description: Chair, Structure Acrylic with Metal (Chrome) legs
<br>Size: (L)45*(D)45*(H)79 cm Seat High: 49 cm
<br>Materials: ACRYLIC,METAL
<br>",,כסאות,F2-353,,0,,TRUE,PERCENT,0,InStock,0,,,,,,,,,,,,,,,,,,,,,,,,,,,,,,
product_3f62e027-30b5-ffd5-a72f-f5638f423098,Product,CHAIR F2-152,"Description: Chair, Structure PP with Wood legs
<br>Size: (L)52*(D)50*(H)71 cm
<br>Materials: WOOD,PP
<br>",,כסאות,F2-153,,0,,TRUE,PERCENT,0,InStock,0,,,,,,,,,,,,,,,,,,,,,,,,,,,,,,
product_3a6bd6bd-9f62-9d3a-5107-d2d313ded67a,Product,CHAIR F2-235,"Description: Chair, Structure Chrome Iron legs &amp; PP with Fabric cover
<br>Size: (L)55*(D)58*(H)80 cm Seat High: 48 cm
<br>Materials: IRON,PP,FABRIC
<br>",,כסאות,F2-235,,394,,TRUE,PERCENT,0,InStock,0,צבע,DROP_DOWN,WHITE;RED;BLACK;GREY;ORANGE,,,,,,,,,,,,,,,,,,,,,,,,,,,
product_6ad9f8ee-05b6-3eda-5d2a-20527c450278,Product,CHAIR F2-256,"Description: Chair, Structure Metal legs &amp; Wood with PU cover
<br>Size: (L)77*(D)66*(H)107 cm Seat High: 37 cm
<br>Materials: METAL,WOOD,PU
<br>",,כסאות,F2-256,,756,,TRUE,PERCENT,0,InStock,0,,,,,,,,,,,,,,,,,,,,,,,,,,,,,,
product_d87d6048-e086-6c9f-8f5d-fb6e888bd2a5,Product,CHAIR F2-13,"Description: Chair, Structure Full PP
<br>Size: (L)45*(W)43*(H)76.5 cm Seat High: 46 cm
<br>Materials: PP
<br>",,כסאות,F2-13,,190,,TRUE,PERCENT,0,InStock,0,צבע מושב,DROP_DOWN,WHITE;BLACK;RED;GREEN;BLUE;YELLOW;ORANGE BACK,,,,,,,,,,,,,,,,,,,,,,,,,,,
product_cfe756ad-1064-1404-89a2-e274de684c95,Product,CHAIR F2-168,"Size: (L)54*(D)46*(H)82 cm Seat High: 46 cm
<br>",,כסאות,F2-168,,0,,TRUE,PERCENT,0,InStock,0,,,,,,,,,,,,,,,,,,,,,,,,,,,,,,
product_8c542390-22aa-32ac-77b6-5b289b45bdb2,Product,CHAIR F2-31,"Description: Chair, Structure Full ABS
<br>Size: (L)56*(W)53*(H)93 cm Seat High: 47 cm
<br>Materials: ABS
<br>",,כסאות,F2-31,,201,,TRUE,PERCENT,0,InStock,0,צבע,DROP_DOWN,CLEAR;SMOKE GREY;CLEAR RED;CLEAR ORANGE;CLEAR PINK;CLEAR GREEN,,,,,,,,,,,,,,,,,,,,,,,,,,,
product_3b82ce87-bfac-a008-af39-96a75ff19658,Product,CHAIR F2-187,"Description: Chair, Structure Wood &amp; Metal
<br>Size: (L)51*(D)48*(H)77 cm Seat High: 44 cm
<br>Materials: METAL,WOOD
<br>",,כסאות,F2-187,,0,,TRUE,PERCENT,0,InStock,0,,,,,,,,,,,,,,,,,,,,,,,,,,,,,,
product_50e434f7-a526-bbba-fa91-8d3c7929d35b,Product,CHAIR F2-122,"Description: Chair, Structure Iron (Chrome) with PU cover
<br>Size: (L)55*(W)56*(H)83 cm
<br>Materials: IRON(CHROME),PU
<br>",,כסאות,F2-122,,307,,TRUE,PERCENT,0,InStock,0,,,,,,,,,,,,,,,,,,,,,,,,,,,,,,
product_e7c6419f-5f42-3899-93bf-2a970bc20a3c,Product,CHAIR F2-155,"Description: Chair, Structure Full PP with Metal legs
<br>Materials: METAL,PP
<br>",,כסאות,F2-156,,0,,TRUE,PERCENT,0,InStock,0,,,,,,,,,,,,,,,,,,,,,,,,,,,,,,
product_22943052-9f7a-4279-d36f-0dc7572d6aea,Product,CHAIR F2-186,"Description: Chair, Structure Wood
<br>Size: (L)52*(D)49*(H)85 cm Seat High: 45 cm
<br>Materials: WOOD
<br>",,כסאות,F2-186,,0,,TRUE,PERCENT,0,InStock,0,צבע,DROP_DOWN,WOOD,,,,,,,,,,,,,,,,,,,,,,,,,,,
product_98d15b16-d39d-d9f7-7e47-a6e0059e6f71,Product,CHAIR F2-160,"Description: Chair, Structure Full PP
<br>Size: (L)49*(D)50*(H)80 cm Seat High: 45 cm
<br>Materials: PP
<br>",,כסאות,F2-160,,0,,TRUE,PERCENT,0,InStock,0,,,,,,,,,,,,,,,,,,,,,,,,,,,,,,
product_fa8e91a9-5656-1166-292f-69021a16f3ed,Product,CHAIR F2-60,"Description: Swing Chair, Structure Seat in PP, Legs in Wood &amp; Metal
<br>Size: (L)70*(W)61*(H)70 cm Seat High: 38 cm
<br>Materials: PP,METAL,WOOD
<br>",,כסאות,F2-60,,190,,TRUE,PERCENT,0,InStock,0,צבע,DROP_DOWN,WHITE;BLACK;RED;BLUE;GREEN;PINK;YELLOW,,,,,,,,,,,,,,,,,,,,,,,,,,,
product_abf129a8-8357-04dd-b11b-3809666df144,Product,CHAIR F2-34,"Description: Chair, Structure Seat in ABS, Legs in Metal &amp; Wood
<br>Size: (L)56*(W)46*(H)80 cm Seat High: 42 cm
<br>Materials: ABS,METAL,WOOD
<br>",,כסאות,F2-34,,190,,TRUE,PERCENT,0,InStock,0,צבע,DROP_DOWN,WHITE;BLACK;RED;GREEN;BLUE;YELLOW,,,,,,,,,,,,,,,,,,,,,,,,,,,
product_950ac6c7-7b36-51cc-4f0a-9b223df7b3c9,Product,CHAIR F2-4,"Description: Chair, Structure Full PP
<br>Size: (L)50*(W)53.5*(H)82 cm Seat High: 48 cm
<br>Materials: PP
<br>",,כסאות,F2-4,,190,,TRUE,PERCENT,0,InStock,0,צבע,DROP_DOWN,WHITE;BLACK;RED;GREEN;BLUE;YELLOW;GREY;ORANGE,,,,,,,,,,,,,,,,,,,,,,,,,,,
product_f6541d74-671f-5129-eb1e-a49cbad2b42e,Product,CHAIR F2-120,"Description: Chair, Structure Iron (Chrome) with PU cover
<br>Size: (L)83*(W)67*(H)84 cm
<br>Materials: IRON(CHROME),PU
<br>",,כסאות,F2-120,,417,,TRUE,PERCENT,0,InStock,0,,,,,,,,,,,,,,,,,,,,,,,,,,,,,,
product_6e4d7c5d-40d0-1060-e92e-f1891088db05,Product,CHAIR F2-153,"Description: Chair, Structure Full PP
<br>Size: (L)54*(D)52*(H)81 cm
<br>Materials: PP
<br>",,כסאות,F2-154,,0,,TRUE,PERCENT,0,InStock,0,,,,,,,,,,,,,,,,,,,,,,,,,,,,,,
product_64a7ce53-210c-05b3-e15b-8bce54958ad2,Product,CHAIR F2-229,"Description: Chair, Structure Wood legs &amp; PP seat with Fabric cover
<br>Size: (L)65*(D)73*(H)85 cm Seat High: 45 cm
<br>Materials: WOOD,PP,FABRIC
<br>",,כסאות,F2-229,,583,,TRUE,PERCENT,0,InStock,0,,,,,,,,,,,,,,,,,,,,,,,,,,,,,,
product_32512f0b-e228-49d9-19df-170e916c8ac5,Product,CHAIR F2-283,"Description: Chair, Structure Wood with ABS seat
<br>Size: (L)57*(D)44*(H)82 cm Seat High: 46 cm
<br>Materials: WOOD,ABS
<br>",,כסאות,F2-283,,575,,TRUE,PERCENT,0,InStock,0,,,,,,,,,,,,,,,,,,,,,,,,,,,,,,
product_33e7ca43-b0f1-3da4-2535-bcac491a6701,Product,CHAIR F2-63,"Description: Chair, Structure Seat in PP , Legs in Metal
<br>Size: (L)62*(W)62*(H)83 cm Seat High: 44 cm
<br>Materials: PP,METAL
<br>",,כסאות,F2-63,,190,,TRUE,PERCENT,0,InStock,0,צבע,DROP_DOWN,WHITE;BLACK;RED;GREEN;BLUE;YELLOW;PINK;ORANGE,,,,,,,,,,,,,,,,,,,,,,,,,,,
product_de5f66ea-a178-d5f1-febe-c0b813c05bfa,Product,CHAIR F2-205,"Description: Chair, Structure Wood &amp; PP with Fabric cover
<br>Size: (L)58*(D)62*(H)80 cm Seat High: 45 cm
<br>Materials: WOOD,PP,PU
<br>",,כסאות,F2-205,,520,,TRUE,PERCENT,0,InStock,0,,,,,,,,,,,,,,,,,,,,,,,,,,,,,,
product_58ed14ff-9491-e11d-e715-6c41193dbf04,Product,CHAIR F2-131,"Description: Chair, Structure PP &amp; Wood legs with Fabric cover
<br>Size: (L)61*(D)55*(H)76 cm Seat High: 45 cm
<br>Materials: WOOD,PP,FABRIC
<br>",,כסאות,F2-131,,732,,TRUE,PERCENT,0,InStock,0,,,,,,,,,,,,,,,,,,,,,,,,,,,,,,
product_5eb86443-6975-b231-aefe-7b9a4652afbd,Product,CHAIR F2-65,"Description: Chair, Structure Seat in PP , Legs in Metal
<br>Size: (L)54*(W)47*(H)75 cm Seat High: 43 cm
<br>Materials: PP,METAL
<br>",,כסאות,F2-65,,190,,TRUE,PERCENT,0,InStock,0,צבע,DROP_DOWN,WHITE;BLACK;RED;GREEN;BLUE;YELLOW,,,,,,,,,,,,,,,,,,,,,,,,,,,
product_fa1bca24-773f-be42-0cd2-8d6043f11892,Product,CHAIR F2-75,"Description: Chair, Structure Seat in PP , Legs in Wood
<br>Materials: PP,WOOD
<br>",,כסאות,F2-75,,0,,TRUE,PERCENT,0,InStock,0,,,,,,,,,,,,,,,,,,,,,,,,,,,,,,
product_cd9d1be0-e5a6-4f9e-a72c-46a5e6d7fd7e,Product,CHAIR F2-44,"Description: Chair, structure Full PC
<br>Size: (L)49*(W)38.5*(H)81 cm Seat High: 48 cm
<br>Materials: PC
<br>",,כסאות,F2-44,,190,,TRUE,PERCENT,0,InStock,0,צבע,DROP_DOWN,WHITE;BLACK;RED,,,,,,,,,,,,,,,,,,,,,,,,,,,
product_723311c4-33f3-eb32-59d2-83467fcef7bd,Product,CHAIR F2-225,"Description: Chair, Structure Full PP
<br>Size: (L)55*(D)46*(H)79 cm Seat High: 43 cm
<br>Materials: PP
<br>",,כסאות,F2-225,,190,,TRUE,PERCENT,0,InStock,0,צבע,DROP_DOWN,WHITE;BEIGE;LIGHT YELLOW;LIGHT GREY,,,,,,,,,,,,,,,,,,,,,,,,,,,
product_175451c4-7b97-ca29-49af-862e4318cdd9,Product,CHAIR F2-6,"Description: Chair, Structure Seat in PP Pillow with PU, Legs in Wood
<br>Size: (L)55*(W)49*(H)83 cm Seat High: 51 cm
<br>Materials: PP,PU,WOOD
<br>",,כסאות,F2-6,,197,,TRUE,PERCENT,0,InStock,0,צבע מושב,DROP_DOWN,BLACK;WHITE PILLOW,,,,,,,,,,,,,,,,,,,,,,,,,,,
product_a699efee-f5ae-9551-23df-5cd392d8dcad,Product,CHAIR F2-54,"Description: Chair, Structure Seat in PP Pillow with PU, Legs in Metal
<br>Size: (L)58*(W)48*(H)83 cm Seat High: 45 cm
<br>Materials: PP,PU,METAL
<br>",,כסאות,F2-54,,213,,TRUE,PERCENT,0,InStock,0,צבע,DROP_DOWN,WHITE;BLACK;RED;YELLOW;GREEN,,,,,,,,,,,,,,,,,,,,,,,,,,,
product_37cc332d-72f2-075d-db58-04c76dab340b,Product,CHAIR F2-126,"Description: Chair, Structure Wood &amp; PP
<br>Materials: WOOD,PP
<br>",,כסאות,F2-126,,0,,TRUE,PERCENT,0,InStock,0,צבע,DROP_DOWN,WOOD;WHITE,,,,,,,,,,,,,,,,,,,,,,,,,,,
product_a9ada50e-c0fe-0cca-dc54-57d55ee60b69,Product,CHAIR F2-61,"Description: Swing Chair, Structure Seat in PP Cover with Fabric, Legs in Wood &amp; Metal
<br>Size: (L)66*(W)62*(H)70 cm Seat High: 42 cm
<br>Materials: PP,FABRIC,METAL,WOOD
<br>",,כסאות,F2-61,,347,,TRUE,PERCENT,0,InStock,0,,,,,,,,,,,,,,,,,,,,,,,,,,,,,,
product_bb1c46e7-ea7c-2619-d4b7-ea375d3a349c,Product,CHAIR F2-135,"Description: Chair, Structure PP &amp; Aluminium legs
<br>Materials: ALUMINIUM,PP
<br>",,כסאות,F2-135,,0,,TRUE,PERCENT,0,InStock,0,צבע,DROP_DOWN,WHITE,,,,,,,,,,,,,,,,,,,,,,,,,,,
product_d2c35459-3293-f83a-70ee-6d5e4bc34eb4,Product,CHAIR F2-1,"Description: Chair, Structure Full PP
<br>Size: (L)56*(W)41*(H)79.5 cm Seat High: 45 cm
<br>Materials: PP
<br>",,כסאות,F2-1,,190,,TRUE,PERCENT,0,InStock,0,צבע,DROP_DOWN,WHITE;BLACK;RED;BLUE;GREEN;YELLOW;ORANGE,,,,,,,,,,,,,,,,,,,,,,,,,,,
product_d22d9c68-88b0-21b5-0314-c51cbe8d26db,Product,CHAIR F2-180,"Description: Chair, Structure PP with Fabric cover &amp; Wood legs
<br>Size: (L)63*(D)67*(H)82 cm Seat High: 46 cm
<br>Materials: WOOD,PP,FABRIC
<br>",,כסאות,F2-180,,543,,TRUE,PERCENT,0,InStock,0,,,,,,,,,,,,,,,,,,,,,,,,,,,,,,
product_08455df4-a774-c4a8-0008-c9fd6803fa3f,Product,CHAIR F2-157,"Description: Chair, Structure Full PP with Wood legs
<br>Size: (L)55*(D)49*(H)82 cm Seat High: 45 cm
<br>Materials: WOOD,PP
<br>",,כסאות,F2-158,,0,,TRUE,PERCENT,0,InStock,0,,,,,,,,,,,,,,,,,,,,,,,,,,,,,,
product_baceab78-7f6b-c771-2900-a04abb7440a3,Product,CHAIR F2-249,"Description: Chair, Structure Aluminium base &amp; PP with Fabric cover
<br>Size: (L)56*(D)62*(H)79 cm Seat High: 48 cm
<br>Materials: ALUMINIUM,PP,FABRIC
<br>",,כסאות,F2-249,,709,,TRUE,PERCENT,0,InStock,0,,,,,,,,,,,,,,,,,,,,,,,,,,,,,,
product_551dd081-2db8-ade5-5cbf-a38b1ee5b4c8,Product,CHAIR F2-231,"Description: Chair, Structure Metal legs &amp; PP seat with Fabric cover
<br>Size: (L)67*(D)61*(H)81 cm Seat High: 48 cm
<br>Materials: METAL,PP,FABRIC
<br>",,כסאות,F2-231,,512,,TRUE,PERCENT,0,InStock,0,,,,,,,,,,,,,,,,,,,,,,,,,,,,,,
product_e55ebf72-27f9-c187-70c6-ed6325750f1d,Product,CHAIR F2-279,"Description: Chair, Structure Wood
<br>Size: (L)53*(D)46*(H)77 cm Seat High: 44 cm
<br>Materials: WOOD
<br>",,כסאות,F2-279,,0,,TRUE,PERCENT,0,InStock,0,,,,,,,,,,,,,,,,,,,,,,,,,,,,,,
product_dda41c2f-cc3d-62fe-4a86-136585e2d12d,Product,CHAIR F2-266,"Description: Chair, Structure Wood with PU/Fabric cover
<br>Size: (L)55*(D)56*(H)79 cm Seat High: 44 cm
<br>Materials: WOOD,FABRIC/PU
<br>",,כסאות,F2-266,,740,,TRUE,PERCENT,0,InStock,0,,,,,,,,,,,,,,,,,,,,,,,,,,,,,,
product_ac71cca1-63dc-1a22-c1d9-69f0aad054df,Product,CHAIR F2-161,"Description: Chair, Structure Wood with PP seat
<br>Size: (L)56*(D)61*(H)76 cm
<br>Materials: WOOD,PP
<br>",,כסאות,F2-161,,0,,TRUE,PERCENT,0,InStock,0,צבע,DROP_DOWN,WHITE;BLACK,,,,,,,,,,,,,,,,,,,,,,,,,,,
product_a38b8457-9396-77d6-4c65-ac96eda8f426,Product,CHAIR F2-248,"Description: Chair, Structure Painted Aluminium
<br>Size: (L)49*(D)43*(H)65 cm Seat High: 44 cm
<br>Materials: ALUMINIUM
<br>",,כסאות,F2-248,,488,,TRUE,PERCENT,0,InStock,0,צבע,DROP_DOWN,WHITE;BLACK;RED,,,,,,,,,,,,,,,,,,,,,,,,,,,
product_103f4e3d-4400-21b9-1e23-853192636ad7,Product,CHAIR F2-70,"Description: Chair, Structure Seat in PP , Legs in Metal
<br>Size: (L)53*(W)58*(H)75 cm Seat High: 44 cm
<br>Materials: PP,METAL
<br>",,כסאות,F2-70,,190,,TRUE,PERCENT,0,InStock,0,צבע,DROP_DOWN,WHITE;BLACK;RED;GREEN;BLUE;YELLOW,,,,,,,,,,,,,,,,,,,,,,,,,,,
product_91b4e6f3-09a8-2f3b-8697-8f34f0dd7572,Product,CHAIR F2-232A,"Description: Chair, Structure Wood legs &amp; PP seat with Fabric cover
<br>Size: (L)65*(D)73*(H)85 cm Seat High: 45 cm
<br>Materials: WOOD,PP,FABRIC
<br>",,כסאות,F2-232A,,583,,TRUE,PERCENT,0,InStock,0,,,,,,,,,,,,,,,,,,,,,,,,,,,,,,
product_c733da7a-be90-3266-3233-669967bfc1fc,Product,CHAIR F2-93,"Description: Chair, Structure Ash Wood frame with PU seat pillow
<br>Size: (L)64*(W)54*(H)77 cm
<br>Materials: WOOD,PU
<br>",,כסאות,F2-93,,906,,TRUE,PERCENT,0,InStock,0,,,,,,,,,,,,,,,,,,,,,,,,,,,,,,
product_9bb437f0-4ed0-9c9a-4695-f46e062e2fc1,Product,CHAIR F2-69,"Description: Chair, Structure Seat in PP , Legs in Wood &amp; Metal
<br>Size: (L)53*(W)59*(H)75 cm Seat High: 44 cm
<br>Materials: PP,WOOD,METAL
<br>",,כסאות,F2-69,,190,,TRUE,PERCENT,0,InStock,0,צבע,DROP_DOWN,WHITE;BLACK;RED;GREEN;BLUE;YELLOW,,,,,,,,,,,,,,,,,,,,,,,,,,,
product_06d56d40-cb48-895b-5678-8da29040becf,Product,CHAIR F2-156,"Description: Chair, Structure Full PP with Metal legs
<br>Size: (L)55*(D)49*(H)82 cm Seat High: 45 cm
<br>Materials: METAL,PP
<br>",,כסאות,F2-157,,0,,TRUE,PERCENT,0,InStock,0,,,,,,,,,,,,,,,,,,,,,,,,,,,,,,
product_7c1c248c-3dbf-2e85-3e77-5de189607321,Product,CHAIR F2-296,"Description: Chair, Structure Full PC
<br>Size: (L)50*(D)46*(H)76 cm Seat High: 45 cm
<br>Materials: PC
<br>",,כסאות,F2-296,,402,,TRUE,PERCENT,0,InStock,0,צבע,DROP_DOWN,WHITE;BLACK,,,,,,,,,,,,,,,,,,,,,,,,,,,
product_2f3ef324-45ff-aa23-1469-6282dee3a39c,Product,CHAIR F2-72,"Description: Chair, Structure Seat in PP , Legs in Wood &amp; Metal
<br>Materials: PP,WOOD,METAL
<br>",,כסאות,F2-72,,0,,TRUE,PERCENT,0,InStock,0,,,,,,,,,,,,,,,,,,,,,,,,,,,,,,
product_40a173cd-e73a-933c-f06c-99ab72155226,Product,CHAIR F2-216,"Description: Chair, Structure PP with Fabric cover &amp; Wood legs
<br>Size: (L)63*(D)67*(H)82 cm Seat High: 46 cm
<br>Materials: WOOD,PP,FABRIC
<br>",,כסאות,F2-216,,543,,TRUE,PERCENT,0,InStock,0,,,,,,,,,,,,,,,,,,,,,,,,,,,,,,
product_537f5f64-2a99-2643-82f8-ee163434f8cf,Product,CHAIR F2-33,"Description: Chair, Structure Full ABS with PU Pillow
<br>Materials: ABS,PU
<br>",,כסאות,F2-33,,0,,TRUE,PERCENT,0,InStock,0,צבע,DROP_DOWN,CLEAR,,,,,,,,,,,,,,,,,,,,,,,,,,,
product_28e6b210-bd20-c2e2-1e9c-0f0b3f91f852,Product,CHAIR F2-137,"Description: Chair, Structure PP &amp; Metal legs with Fabric cover
<br>Size: (L)54*(D)63*(H)81 cm Seat High: 47 cm
<br>Materials: METAL,PP,FABRIC
<br>",,כסאות,F2-137,,205,,TRUE,PERCENT,0,InStock,0,,,,,,,,,,,,,,,,,,,,,,,,,,,,,,
product_22decdf3-e25b-2168-3fcf-855d9efc8925,Product,CHAIR F2-147,"Description: Chair, Structure Wood with PU cover
<br>Size: (L)46*(D)51*(H)82 cm Seat High: 47 cm
<br>Materials: WOOD,PU
<br>",,כסאות,F2-147,,622,,TRUE,PERCENT,0,InStock,0,,,,,,,,,,,,,,,,,,,,,,,,,,,,,,
product_5d8a7484-2a35-2e38-fa11-f7c7a482cdac,Product,CHAIR F2-170,"Description: Chair, Structure Full PC
<br>Size: (L)54*(D)45*(H)88 cm Seat High: 46 cm
<br>Materials: PC
<br>",,כסאות,F2-170,,291,,TRUE,PERCENT,0,InStock,0,,,,,,,,,,,,,,,,,,,,,,,,,,,,,,
product_1bd9a21c-8afb-db9a-dfbc-d0d1e49442fa,Product,CHAIR F2-355,"Description: Chair, Structure Wood with PP seat
<br>Size: (L)46*(D)42*(H)79 cm
<br>Materials: WOOD,PP
<br>",,כסאות,F2-355,,0,,TRUE,PERCENT,0,InStock,0,צבע,DROP_DOWN,WHITE;BLACK NATURAL WOOD;DARK WOOD,,,,,,,,,,,,,,,,,,,,,,,,,,,
product_2db18e3e-c9a0-4412-c407-ae6f48cce5fa,Product,CHAIR F2-228E,"Description: Chair, Structure PC with Fabric cover
<br>Size: (L)50*(D)47*(H)76 cm Seat High: 44 cm
<br>Materials: PC,FABRIC
<br>",,כסאות,F2-228E,,543,,TRUE,PERCENT,0,InStock,0,,,,,,,,,,,,,,,,,,,,,,,,,,,,,,
product_a4ca8c92-7255-0d53-349d-b9fcb4b9954e,Product,CHAIR F2-144,"Description: Chair, Structure PP with Fabric cover
<br>Size: (L)56*(D)58*(H)80 cm Seat High: 46.5 cm
<br>Materials: PP,FABRIC
<br>",,כסאות,F2-144,,709,,TRUE,PERCENT,0,InStock,0,,,,,,,,,,,,,,,,,,,,,,,,,,,,,,
product_4d6957cd-f391-c945-3699-8d5fa1f6a3c2,Product,CHAIR F2-285,"Description: Chair, Structure ABS with Fabric cover
<br>Size: (L)57*(D)48*(H)86 cm Seat High: 44 cm
<br>Materials: ABS,FABRIC
<br>",,כסאות,F2-285,,347,,TRUE,PERCENT,0,InStock,0,,,,,,,,,,,,,,,,,,,,,,,,,,,,,,
product_9fe61e3f-f32e-74f4-3020-8d8833d72741,Product,CHAIR F2-199,"Description: Chair, Structure PP &amp; Metal legs with Fabric cover
<br>Size: (L)54*(D)63*(H)81 cm Seat High: 47 cm
<br>Materials: METAL,FABRIC/PU
<br>",,כסאות,F2-199,,362,,TRUE,PERCENT,0,InStock,0,,,,,,,,,,,,,,,,,,,,,,,,,,,,,,
product_1a3fb66c-1327-20b4-fd09-ba2c1a4526b2,Product,CHAIR F2-197,"Description: Chair, Structure Ash wood with Fabric cover
<br>Size: (L)60*(D)52*(H)76 cm
<br>Materials: WOOD,FABRIC
<br>",,כסאות,F2-197,,835,,TRUE,PERCENT,0,InStock,0,,,,,,,,,,,,,,,,,,,,,,,,,,,,,,
product_a19faef4-14c8-d860-72bf-7ef26d17dabc,Product,CHAIR F2-85,"Description: Chair, Structure Full PP
<br>Size: (L)54*(W)41*(H)84 cm Seat High: 46 cm
<br>Materials: PP
<br>",,כסאות,F2-85,,190,,TRUE,PERCENT,0,InStock,0,צבע,DROP_DOWN,WHITE;BLACK;RED;GREEN;BLUE;YELLOW;GREY;ORANGE,,,,,,,,,,,,,,,,,,,,,,,,,,,
product_6e468553-8cc8-3eca-ef88-f809bff89994,Product,CHAIR F2-130,"Description: Chair, Structure PP &amp; Wood legs with Fabric cover
<br>Size: (L)53*(D)46*(H)85 cm Seat High: 46 cm
<br>Materials: WOOD,PP
<br>",,כסאות,F2-130,,284,,TRUE,PERCENT,0,InStock,0,צבע,DROP_DOWN,BLACK;WHITE;YELLOW;BLUE;RED,,,,,,,,,,,,,,,,,,,,,,,,,,,
product_12c6815b-92e5-a35e-e856-2f19991150b9,Product,CHAIR F2-16,"Description: Chair, Structure Seat in PP Pillow with PU, Legs in Wood
<br>Size: (L)55*(W)49*(H)83 cm Seat High: 51 cm
<br>Materials: PP,PU,WOOD
<br>",,כסאות,F2-16,,197,,TRUE,PERCENT,0,InStock,0,צבע מושב,DROP_DOWN,WHITE;BLACK;GREEN;YELLOW;RED PILLOW,,,,,,,,,,,,,,,,,,,,,,,,,,,
product_de1daf57-81fa-95a9-4979-d62676a62cc0,Product,CHAIR F2-23,"Description: Chair, Structure Seat in ABS, Legs in Metal &amp; Wood
<br>Size: (L)55*(W)47*(H)82 cm Seat High: 44 cm
<br>Materials: ABS,METAL,WOOD
<br>",,כסאות,F2-23,,190,,TRUE,PERCENT,0,InStock,0,צבע,DROP_DOWN,CLEAR;SMOKE GREY;CLEAR RED;CLEAR ORANGE;CLEAR PINK,,,,,,,,,,,,,,,,,,,,,,,,,,,
product_8363e2ad-916b-5401-ad88-5c85b89b3424,Product,CHAIR F2-108,"Description: Chair, Structure Stainless Steel with PU cover
<br>Size: (L)47*(W)53*(H)88 cm
<br>Materials: STAINLESS STEEL,PU
<br>",,כסאות,F2-108,,488,,TRUE,PERCENT,0,InStock,0,,,,,,,,,,,,,,,,,,,,,,,,,,,,,,
product_3f8c3760-1d4b-f30b-a7d5-c2ffd763ce82,Product,CHAIR F2-203,"Description: Chair, Structure Wood with ABS seat
<br>Materials: WOOD,ABS
<br>",,כסאות,F2-203,,394,,TRUE,PERCENT,0,InStock,0,צבע,DROP_DOWN,WHITE FRONT+WHITE;RED;GREEN;ORANGE;BLACK;WHITE;YELLOW BACK,,,,,,,,,,,,,,,,,,,,,,,,,,,
product_17f1db51-3402-2052-0bf9-ad1705d7a8e5,Product,CHAIR F2-228B,"Description: Chair, Structure PC with Fabric cover
<br>Size: (L)50*(D)47*(H)76 cm Seat High: 44 cm
<br>Materials: PC,FABRIC
<br>",,כסאות,F2-228B,,543,,TRUE,PERCENT,0,InStock,0,,,,,,,,,,,,,,,,,,,,,,,,,,,,,,
product_8c058238-2a64-75a8-2301-e29b793091c0,Product,CHAIR F2-77,"Description: Chair, Structure Full ABS with Fabric Pillow
<br>Size: (L)60*(W)69*(H)84 cm Seat High: 50 cm
<br>Materials: ABS
<br>",,כסאות,F2-77,,402,,TRUE,PERCENT,0,InStock,0,צבע,DROP_DOWN,WHITE;BLACK,,,,,,,,,,,,,,,,,,,,,,,,,,,
product_850db5e1-c1f4-7425-c339-fa5cadf06200,Product,CHAIR F2-104,"<p><b>אפשרות 1:</b></p>Description: Chair, Structure Stainless Steel (Chrome) with PU cover
<br>Size: (L)51*(W)77*(H)82 cm
<br>Materials: STAINLESS STEEL,PU
<br>
<p><b>אפשרות 2:</b></p>Description: Chair, Structure Stainless Steel (Chrome) with Leather &amp; PU cover
<br>Size: (L)51*(W)77*(H)82 cm
<br>Materials: STAINLESS STEEL,PU,LEATHER
<br>
<p><b>אפשרות 3:</b></p>Description: Chair, Structure Stainless Steel (Chrome) with Leather cover
<br>Size: (L)51*(W)77*(H)82 cm
<br>Materials: STAINLESS STEEL,LEATHER
<br>
<p><b>אפשרות 4:</b></p>Description: Chair, Structure Stainless Steel (Chrome) with Italian Leather &amp; PU cover
<br>Size: (L)51*(W)77*(H)82 cm
<br>Materials: STAINLESS STEEL,PU,ITALIAN LEATHER
<br>
<p><b>אפשרות 5:</b></p>Description: Chair, Structure Stainless Steel (Chrome) with Italian Leather cover
<br>Size: (L)51*(W)77*(H)82 cm
<br>Materials: STAINLESS STEEL,ITALIAN LEATHER
<br>",,כסאות,F2-104,,622,,TRUE,PERCENT,0,InStock,0,אפשרויות,DROP_DOWN,אפשרות 1;אפשרות 2;אפשרות 3;אפשרות 4;אפשרות 5,,,,,,,,,,,,,,,,,,,,,,,,,,,
product_850db5e1-c1f4-7425-c339-fa5cadf06200,Variant,,,,,F2-104_3,,,386,TRUE,,,InStock,0,,,אפשרות 4,,,,,,,,,,,,,,,,,,,,,,,,,,,
product_850db5e1-c1f4-7425-c339-fa5cadf06200,Variant,,,,,F2-104_4,,,780,TRUE,,,InStock,0,,,אפשרות 5,,,,,,,,,,,,,,,,,,,,,,,,,,,
product_850db5e1-c1f4-7425-c339-fa5cadf06200,Variant,,,,,F2-104_0,,,0,TRUE,,,InStock,0,,,אפשרות 1,,,,,,,,,,,,,,,,,,,,,,,,,,,
product_850db5e1-c1f4-7425-c339-fa5cadf06200,Variant,,,,,F2-104_1,,,331,TRUE,,,InStock,0,,,אפשרות 2,,,,,,,,,,,,,,,,,,,,,,,,,,,
product_850db5e1-c1f4-7425-c339-fa5cadf06200,Variant,,,,,F2-104_2,,,646,TRUE,,,InStock,0,,,אפשרות 3,,,,,,,,,,,,,,,,,,,,,,,,,,,
product_8bcd977e-a90f-f4d3-ff38-6291f46c43f1,Product,CHAIR F2-278,"Description: Chair, Structure Wood
<br>Size: (L)53*(D)46*(H)77 cm Seat High: 44 cm
<br>Materials: WOOD
<br>",,כסאות,F2-278,,0,,TRUE,PERCENT,0,InStock,0,,,,,,,,,,,,,,,,,,,,,,,,,,,,,,
product_76fbfcfd-dae2-5463-915e-00de58a40753,Product,CHAIR F2-42,"Description: Chair, Structure Seat in ABS, Legs in Metal
<br>Materials: ABS,METAL
<br>",,כסאות,F2-42,,0,,TRUE,PERCENT,0,InStock,0,צבע,DROP_DOWN,WHITE;BLACK;RED;BLUE;YELLOW,,,,,,,,,,,,,,,,,,,,,,,,,,,
product_522be1f6-e1b4-e914-3aae-90ccacb92d88,Product,CHAIR F2-15,"Description: Chair, Structure Full ABS
<br>Size: (L)59.5*(W)58*(H)79.5 cm Seat High: 45 cm
<br>Materials: ABS
<br>",,כסאות,F2-15,,291,,TRUE,PERCENT,0,InStock,0,צבע,DROP_DOWN,CLEAR;SMOKE GREY;CLEAR RED,,,,,,,,,,,,,,,,,,,,,,,,,,,
product_ff8795d3-ac84-883c-d24f-c337fa0a5880,Product,CHAIR F2-198,"Description: Chair, Structure Acrylic with Metal (Chrome) legs
<br>Size: (L)49*(D)48*(H)78 cm Seat High: 47 cm
<br>Materials: ACRYLIC,METAL
<br>",,כסאות,F2-198,,0,,TRUE,PERCENT,0,InStock,0,,,,,,,,,,,,,,,,,,,,,,,,,,,,,,
product_d5f91df7-92aa-bff5-109c-50719c59619c,Product,CHAIR F2-223,"Description: Chair, Structure Full PC
<br>Size: (L)55*(D)54*(H)83 cm Seat High: 47 cm
<br>Materials: PC
<br>",,כסאות,F2-223,,378,,TRUE,PERCENT,0,InStock,0,צבע,DROP_DOWN,WHITE;BLACK;CLEAR;SMOKE GREY,,,,,,,,,,,,,,,,,,,,,,,,,,,
product_7fd8cef9-f356-f2cd-a370-f68ed0d53c04,Product,CHAIR F2-176,"Description: Chair, Structure Full PP
<br>Size: (L)53*(D)48*(H)81 cm Seat High: 46 cm
<br>Materials: PP
<br>",,כסאות,F2-176,,228,,TRUE,PERCENT,0,InStock,0,צבע,DROP_DOWN,WHITE;BEIGE;LIGHT YELLOW;LIGHT GREY;LIME,,,,,,,,,,,,,,,,,,,,,,,,,,,
product_7836eb43-e11c-cafc-3300-6300fc4fd3de,Product,CHAIR F2-112,"<p><b>אפשרות 1:</b></p>Description: Chair, Structure Stainless Steel with Leather cover
<br>Size: (L)77*(W)74*(H)82 cm
<br>Materials: STAINLESS STEEL,LEATHER
<br>
<p><b>אפשרות 2:</b></p>Description: Chair, Structure Stainless Steel with Pony Leather cover
<br>Size: (L)77*(W)74*(H)82 cm
<br>Materials: STAINLESS STEEL,PONY LEATHER
<br>",,כסאות,F2-112,,1953,,TRUE,PERCENT,0,InStock,0,אפשרויות,DROP_DOWN,אפשרות 1;אפשרות 2,,,,,,,,,,,,,,,,,,,,,,,,,,,
product_7836eb43-e11c-cafc-3300-6300fc4fd3de,Variant,,,,,F2-112_0,,,0,TRUE,,,InStock,0,,,אפשרות 1,,,,,,,,,,,,,,,,,,,,,,,,,,,
product_7836eb43-e11c-cafc-3300-6300fc4fd3de,Variant,,,,,F2-112_1,,,-1102,TRUE,,,InStock,0,,,אפשרות 2,,,,,,,,,,,,,,,,,,,,,,,,,,,
product_6041c158-c048-53e5-6f82-557d0c7333aa,Product,CHAIR F2-76,"Description: Chair, Structure Full ABS with Fabric Pillow
<br>Size: (L)52*(W)47*(H)79 cm Seat High: 47 cm
<br>Materials: ABS
<br>",,כסאות,F2-76,,354,,TRUE,PERCENT,0,InStock,0,צבע,DROP_DOWN,WHITE;BLACK,,,,,,,,,,,,,,,,,,,,,,,,,,,
product_1a5aaaf1-5539-0a84-ad9b-b2ed54f34deb,Product,CHAIR F2-276,"Description: Chair, Structure Wood
<br>Materials: WOOD
<br>",,כסאות,F2-276,,0,,TRUE,PERCENT,0,InStock,0,,,,,,,,,,,,,,,,,,,,,,,,,,,,,,
product_985e7f5a-810c-92e5-e774-be1462fdcb34,Product,CHAIR F2-109,"Description: Chair, Structure Stainless Steel with PU/Fabric cover
<br>Size: (L)47*(W)58*(H)80 cm
<br>Materials: STAINLESS STEEL,PU/FABRIC
<br>",,כסאות,F2-109,,488,,TRUE,PERCENT,0,InStock,0,,,,,,,,,,,,,,,,,,,,,,,,,,,,,,
product_216d5470-13a9-49c5-54b1-2b72c0cd5590,Product,CHAIR F2-215,"Description: Chair, Structure Metal with ABS seat
<br>Size: (L)52*(D)49*(H)81 cm Seat High: 45 cm
<br>Materials: METAL,ABS
<br>",,כסאות,F2-215,,425,,TRUE,PERCENT,0,InStock,0,צבע,DROP_DOWN,WHITE FRONT+WHITE;RED;GREEN;ORANGE;BLACK;WHITE;YELLOW BACK,,,,,,,,,,,,,,,,,,,,,,,,,,,
product_793a432a-e9f3-243c-313c-5aac6b668c34,Product,CHAIR F2-172,"Description: Chair, Structure Aluminium
<br>Size: (L)56*(D)47*(H)79 cm Seat High: 44 cm
<br>Materials: ALUMINIUM
<br>",,כסאות,F2-172,,410,,TRUE,PERCENT,0,InStock,0,,,,,,,,,,,,,,,,,,,,,,,,,,,,,,
product_3b788285-d408-52f4-7cbd-969e80d4097f,Product,CHAIR F2-284,"Description: Chair, Structure Full ABS
<br>Size: (L)57*(D)48*(H)86 cm Seat High: 44 cm
<br>Materials: ABS
<br>",,כסאות,F2-284,,190,,TRUE,PERCENT,0,InStock,0,צבע,DROP_DOWN,BLACK;WHITE;RED;ORANGE;GREEN;BLUE,,,,,,,,,,,,,,,,,,,,,,,,,,,
product_5aff2b32-52c9-34fe-711b-8009ee8c7c7f,Product,CHAIR F2-21,"Description: Chair, Structure Seat in PP Pillow with Fabric, Legs in Wood &amp; Metal
<br>Materials: PP,FABRIC,WOOD,METAL
<br>",,כסאות,F2-21,,0,,TRUE,PERCENT,0,InStock,0,,,,,,,,,,,,,,,,,,,,,,,,,,,,,,
product_be60a06a-87ea-add3-03cd-6804ffc9b8b8,Product,CHAIR F2-287,"Description: Chair, Structure Metal with PC seat
<br>Size: (L)62*(D)62*(H)80 cm Seat High: 47 cm
<br>Materials: METAL,PC
<br>",,כסאות,F2-287,,441,,TRUE,PERCENT,0,InStock,0,צבע,DROP_DOWN,WHITE;BLACK,,,,,,,,,,,,,,,,,,,,,,,,,,,
product_c6ea68c7-ef2e-e813-9a23-482ea0ecd203,Product,CHAIR F2-207,"Description: Chair, Structure Wood &amp; PP with Fabric cover
<br>Size: (L)55*(D)50*(H)83 cm Seat High: 46 cm
<br>Materials: WOOD,PP,FABRIC
<br>",,כסאות,F2-207,,347,,TRUE,PERCENT,0,InStock,0,,,,,,,,,,,,,,,,,,,,,,,,,,,,,,
product_cce71423-e1a2-0a69-5636-4d0d609d123f,Product,CHAIR F2-209,"Description: Chair, Structure Wood &amp; PP with Fabric cover
<br>Size: (L)55*(D)50*(H)83 cm Seat High: 48 cm
<br>Materials: WOOD,PP,FABRIC
<br>",,כסאות,F2-209,,315,,TRUE,PERCENT,0,InStock,0,,,,,,,,,,,,,,,,,,,,,,,,,,,,,,
product_73c3ac9c-dfee-4328-7677-4084e0dd774a,Product,CHAIR F2-210,"Description: Chair, Structure Metal &amp; PP with Fabric cover
<br>Size: (L)55*(D)50*(H)83 cm Seat High: 50 cm
<br>Materials: METAL,PP,FABRIC
<br>",,כסאות,F2-210,,362,,TRUE,PERCENT,0,InStock,0,,,,,,,,,,,,,,,,,,,,,,,,,,,,,,
product_a13e9885-4b92-e502-6abb-eb79eb218703,Product,CHAIR F2-269,"Description: Chair, Structure Wood with PU/Fabric cover
<br>Size: (L)54*(D)59*(H)82 cm Seat High: 44 cm
<br>Materials: WOOD,FABRIC/PU
<br>",,כסאות,F2-269,,622,,TRUE,PERCENT,0,InStock,0,,,,,,,,,,,,,,,,,,,,,,,,,,,,,,
product_bbd5549c-14f7-280b-4dfe-fa445392fa7d,Product,CHAIR F2-169,"Description: Chair, Structure Full PP
<br>Size: (L)54*(D)45*(H)88 cm Seat High: 46 cm
<br>Materials: PP
<br>",,כסאות,F2-169,,190,,TRUE,PERCENT,0,InStock,0,,,,,,,,,,,,,,,,,,,,,,,,,,,,,,
product_5a68aeda-41f9-9cac-d7bb-98e2c922a0b5,Product,CHAIR F2-158,"Description: Chair, Structure Full PP with Wood legs
<br>Size: (L)57*(D)53*(H)77 cm Seat High: 45 cm
<br>Materials: METAL,PP
<br>",,כסאות,F2-159,,0,,TRUE,PERCENT,0,InStock,0,,,,,,,,,,,,,,,,,,,,,,,,,,,,,,
product_6bc97b4e-9b49-4625-94aa-d1607e361b60,Product,CHAIR F2-20,"Description: Chair, Structure Seat in PP , Legs in Metal
<br>Size: (L)56*(W)46*(H)80 cm Seat High: 45 cm
<br>Materials: PP,METAL
<br>",,כסאות,F2-20,,190,,TRUE,PERCENT,0,InStock,0,צבע,DROP_DOWN,WHITE;BLACK;RED;GREEN;BLUE;YELLOW;PEACH;PINK;ORANGE,,,,,,,,,,,,,,,,,,,,,,,,,,,
product_9595e12a-a9bd-0176-dc3e-f9acaccb44f5,Product,CHAIR F2-211,"Description: Chair, Structure Wood &amp; PP with Fabric cover
<br>Size: (L)53*(D)46*(H)85 cm Seat High: 46 cm
<br>Materials: WOOD,PP,FABRIC
<br>",,כסאות,F2-211,,362,,TRUE,PERCENT,0,InStock,0,,,,,,,,,,,,,,,,,,,,,,,,,,,,,,
product_d129f27f-d6cf-40c2-ccc1-57303174c6ad,Product,CHAIR F2-117,"Description: Chair, Structure Ash Wood with Rope cover
<br>Size: (L)49*(W)44*(H)75 cm
<br>Materials: ASH WOOD,ROPE
<br>",,כסאות,F2-117,,772,,TRUE,PERCENT,0,InStock,0,,,,,,,,,,,,,,,,,,,,,,,,,,,,,,
product_045c6a53-3851-48ab-9124-bec86063462d,Product,CHAIR F2-295,"Description: Chair, Structure Metal legs with PC seat
<br>Materials: METAL,PC
<br>",,כסאות,F2-295,,0,,TRUE,PERCENT,0,InStock,0,,,,,,,,,,,,,,,,,,,,,,,,,,,,,,
product_f95b929d-3a61-8f02-ab40-1c5d6ba98e12,Product,CHAIR F2-259,"Description: Chair, Structure Wood
<br>Size: (L)54*(D)51*(H)93 cm Seat High: 46 cm
<br>Materials: WOOD
<br>",,כסאות,F2-259,,795,,TRUE,PERCENT,0,InStock,0,צבע,DROP_DOWN,BALCK;WHITE;WOOD,,,,,,,,,,,,,,,,,,,,,,,,,,,
product_eea32297-e7e8-0308-10c2-72e514cec16c,Product,CHAIR F2-226,"Description: Chair, Structure Painted Iron with PU pillow
<br>Size: (L)68*(D)86*(H)75 cm Seat High: 40 cm
<br>Materials: METAL,PU
<br>",,כסאות,F2-226,,465,,TRUE,PERCENT,0,InStock,0,צבע,DROP_DOWN,WHITE;BLACK;RED,,,,,,,,,,,,,,,,,,,,,,,,,,,
product_9b231b06-2dae-a59b-bba0-0313b8f9fd62,Product,CHAIR F2-148,"Description: Chair, Structure Wood with Rope cover
<br>Materials: WOOD,ROPE
<br>",,כסאות,F2-148,,0,,TRUE,PERCENT,0,InStock,0,,,,,,,,,,,,,,,,,,,,,,,,,,,,,,
product_c4a58ea9-5add-3cb9-d222-6292aba22c25,Product,CHAIR F2-94,"Description: Chair, Structure Stainless steel legs &amp; PP seat with Fabric cover
<br>Size: (L)70*(W)68*(H)91 cm
<br>Materials: STAINLESS STEEL,FABRIC
<br>",,כסאות,F2-94,,780,,TRUE,PERCENT,0,InStock,0,,,,,,,,,,,,,,,,,,,,,,,,,,,,,,
product_57168773-24f8-a31c-3af3-01c14768137a,Product,CHAIR F2-127,"Description: Chair, Structure Wood with PU cover
<br>Materials: WOOD,PU
<br>",,כסאות,F2-127,,0,,TRUE,PERCENT,0,InStock,0,,,,,,,,,,,,,,,,,,,,,,,,,,,,,,
product_aebff9e0-9d0d-fb52-7845-cbc6c3297816,Product,CHAIR F2-243,"Description: Chair, Structure Wood with PP seat
<br>Size: (L)50*(D)47*(H)75 cm Seat High: 45 cm
<br>Materials: PP,WOOD
<br>",,כסאות,F2-243,,441,,TRUE,PERCENT,0,InStock,0,צבע,DROP_DOWN,WHITE;BLACK,,,,,,,,,,,,,,,,,,,,,,,,,,,
product_2033c8ae-b83f-9336-4c2a-7e4f038d0f22,Product,CHAIR F2-271,"Description: Chair, Structure Full PP
<br>Size: (L)53*(D)57*(H)81 cm Seat High: 46 cm
<br>Materials: PP
<br>",,כסאות,F2-271,,228,,TRUE,PERCENT,0,InStock,0,צבע,DROP_DOWN,WHITE;BEIGE;LIGHT YELLOW;LIGHT GREY;LIME,,,,,,,,,,,,,,,,,,,,,,,,,,,
product_4b9f49ec-5bb9-d159-6ef9-8106c1c56a29,Product,CHAIR F2-37,"Description: Chair, Structure Seat in ABS, Legs in Metal
<br>Size: (L)62*(W)62*(H)83 cm Seat High: 44 cm
<br>Materials: ABS,METAL
<br>",,כסאות,F2-37,,190,,TRUE,PERCENT,0,InStock,0,צבע,DROP_DOWN,WHITE;BLACK;RED;GREEN;BLUE;YELLOW,,,,,,,,,,,,,,,,,,,,,,,,,,,
product_711ff808-3c4b-7d52-3673-1a46d698db88,Product,CHAIR F2-188,"Description: Chair, Structure Wood with PU cover
<br>Size: (L)57*(D)49*(H)89 cm Seat High: 49 cm
<br>Materials: WOOD,PU
<br>",,כסאות,F2-188,,0,,TRUE,PERCENT,0,InStock,0,,,,,,,,,,,,,,,,,,,,,,,,,,,,,,
product_3c07a8dd-d3a8-67c9-c79c-05f3ac8b75bd,Product,CHAIR F2-84,"Description: Chair, Structure in Powder coating wire, Seat in PU cover
<br>Size: (L)53*(W)53*(H)84 cm Seat High: 44 cm
<br>Materials: WIRE,PU,WOOD
<br>",,כסאות,F2-84,,285,,TRUE,PERCENT,0,InStock,0,צבע,DROP_DOWN,WHITE;BLACK;GREEN,,,,,,,,,,,,,,,,,,,,,,,,,,,
product_a29ac6c5-217e-0eed-504b-627dc9dfb11d,Product,CHAIR F2-247,"Description: Chair, Structure Painted Aluminium
<br>Size: (L)58*(D)66*(H)82 cm Seat High: 44 cm
<br>Materials: ALUMINIUM
<br>",,כסאות,F2-247,,583,,TRUE,PERCENT,0,InStock,0,צבע,DROP_DOWN,WHITE;BLACK;RED,,,,,,,,,,,,,,,,,,,,,,,,,,,
product_d40ebcfe-f187-0521-82e0-58ec849d4cd4,Product,CHAIR F2-267,"Description: Chair, Structure Wood with PU/Fabric cover
<br>Size: (L)57*(D)50*(H)80 cm Seat High: 47 cm
<br>Materials: WOOD,FABRIC/PU
<br>",,כסאות,F2-267,,583,,TRUE,PERCENT,0,InStock,0,,,,,,,,,,,,,,,,,,,,,,,,,,,,,,
product_8c2ae591-1b35-5b26-e207-c0fae454a5f1,Product,CHAIR F2-134,"Description: Chair, Structure PP &amp; Wood legs with Fabric cover
<br>Materials: WOOD,PP,FABRIC
<br>",,כסאות,F2-134,,0,,TRUE,PERCENT,0,InStock,0,,,,,,,,,,,,,,,,,,,,,,,,,,,,,,
product_819fb8bf-579e-f994-8795-18c095d0da8f,Product,CHAIR F2-7,"Description: Chair, Structure Full PP
<br>Size: (L)53.5*(W)43*(H)89 cm Seat High: 48 cm
<br>Materials: PP
<br>",,כסאות,F2-7,,190,,TRUE,PERCENT,0,InStock,0,צבע,DROP_DOWN,WHITE;BLACK;RED;BLUE;GREEN;YELLOW;ORANGE,,,,,,,,,,,,,,,,,,,,,,,,,,,
product_0f1c6887-54e4-1bf7-372b-b9cdd1e87dd8,Product,CHAIR F2-250,"Description: Chair, Structure Wood base &amp; PP with Fabric cover
<br>Size: (L)60*(D)62*(H)79 cm Seat High: 48 cm
<br>Materials: WOOD,PP,FABRIC
<br>",,כסאות,F2-250,,843,,TRUE,PERCENT,0,InStock,0,,,,,,,,,,,,,,,,,,,,,,,,,,,,,,
product_3d2ba264-14ee-234b-3cb8-90b10c5d4e0f,Product,CHAIR F2-48,"Description: Chair, Structure Seat in PP , Legs in Wood
<br>Size: (L)56*(W)46*(H)80 cm Seat High: 42 cm
<br>Materials: PP,WOOD
<br>",,כסאות,F2-48,,190,,TRUE,PERCENT,0,InStock,0,צבע,DROP_DOWN,WHITE;BLACK;RED;GREEN;BLUE;YELLOW;PEACH;PINK;ORANGE,,,,,,,,,,,,,,,,,,,,,,,,,,,
product_3fd9df42-2e62-1347-b869-50c9a164f582,Product,CHAIR F2-233B,"Description: Chair, Structure Wood legs &amp; PP seat with Fabric cover
<br>Size: (L)65*(D)73*(H)85 cm Seat High: 45 cm
<br>Materials: WOOD,PP,FABRIC
<br>",,כסאות,F2-233B,,583,,TRUE,PERCENT,0,InStock,0,,,,,,,,,,,,,,,,,,,,,,,,,,,,,,
product_df615fc6-f7b6-3a0f-b84f-0b786c5d78b6,Product,CHAIR F2-185,"Description: Chair, Structure PC with Metal legs
<br>Size: (L)62*(D)62*(H)79 cm Seat High: 49 cm
<br>Materials: METAL,PC
<br>",,כסאות,F2-185,,417,,TRUE,PERCENT,0,InStock,0,,,,,,,,,,,,,,,,,,,,,,,,,,,,,,
product_d4d6994b-9ef2-e473-2917-4021e68270dd,Product,CHAIR F2-206,"Description: Chair, Structure Full PP
<br>Size: (L)56*(D)49*(H)79 cm Seat High: 45 cm
<br>Materials: PP
<br>",,כסאות,F2-206,,307,,TRUE,PERCENT,0,InStock,0,,,,,,,,,,,,,,,,,,,,,,,,,,,,,,
product_5fcf4086-3f8e-2af0-79b1-9a1a3d8db2e7,Product,CHAIR F2-299,"Description: Chair, Structure Metal &amp; PP cover with Fabric
<br>Materials: METAL,PP,FABRIC
<br>",,כסאות,F2-299,,0,,TRUE,PERCENT,0,InStock,0,,,,,,,,,,,,,,,,,,,,,,,,,,,,,,
product_47f0d184-c002-b246-ee5e-06967061b14c,Product,CHAIR F2-119,"<p><b>אפשרות 1:</b></p>Description: Chair, Structure Ply Wood with Walnut Vanner &amp; Stainless Steel legs with PU cover
<br>Size: (L)59*(W)60*(H)89 cm
<br>Materials: STAINLESS STEEL,WALNUT,PU
<br>
<p><b>אפשרות 2:</b></p>Description: Chair, Structure Ply Wood with Walnut Vanner &amp; Stainless Steel legs with Leather cover
<br>Size: (L)59*(W)60*(H)89 cm
<br>Materials: STAINLESS STEEL,WALNUT,LEATHER
<br>
<p><b>אפשרות 3:</b></p>Description: Chair, Structure Ply Wood with Walnut Vanner &amp; Stainless Steel legs with Italian Leather cover
<br>Size: (L)59*(W)60*(H)89 cm
<br>Materials: STAINLESS STEEL,WALNUT,ITALIAN LEATHER
<br>",,כסאות,F2-119,,1536,,TRUE,PERCENT,0,InStock,0,אפשרויות,DROP_DOWN,אפשרות 1;אפשרות 2;אפשרות 3,,,,,,,,,,,,,,,,,,,,,,,,,,,
product_47f0d184-c002-b246-ee5e-06967061b14c,Variant,,,,,F2-119_0,,,0,TRUE,,,InStock,0,,,אפשרות 1,,,,,,,,,,,,,,,,,,,,,,,,,,,
product_47f0d184-c002-b246-ee5e-06967061b14c,Variant,,,,,F2-119_1,,,189,TRUE,,,InStock,0,,,אפשרות 2,,,,,,,,,,,,,,,,,,,,,,,,,,,
product_47f0d184-c002-b246-ee5e-06967061b14c,Variant,,,,,F2-119_2,,,480,TRUE,,,InStock,0,,,אפשרות 3,,,,,,,,,,,,,,,,,,,,,,,,,,,
product_e75ee319-292d-6e92-cd35-992efa3663d1,Product,CHAIR F2-183,"Description: Chair, Structure Full PC
<br>Size: (L)53*(D)39*(H)84 cm Seat High: 47 cm
<br>Materials: PC
<br>",,כסאות,F2-183,,347,,TRUE,PERCENT,0,InStock,0,צבע,DROP_DOWN,CLEAR;SMOKE GREY,,,,,,,,,,,,,,,,,,,,,,,,,,,
product_de400f37-ce1d-7e30-431e-fa2ac973b8fd,Product,CHAIR F2-234,"Description: Chair, Structure painted Iron legs &amp; Wood with Ash Vanner seat &amp; back
<br>Size: (L)49*(D)42*(H)82 cm Seat High: 45 cm
<br>Materials: WOOD,IRON
<br>",,כסאות,F2-234,,339,,TRUE,PERCENT,0,InStock,0,צבע,DROP_DOWN,WHITE;BLACK,,,,,,,,,,,,,,,,,,,,,,,,,,,
product_891aafa3-9dba-4318-174b-16d1109a4859,Product,CHAIR F2-294,"Description: Chair, Structure Full PC
<br>Size: (L)51*(D)46*(H)81 cm Seat High: 47 cm
<br>Materials: PC
<br>",,כסאות,F2-294,,0,,TRUE,PERCENT,0,InStock,0,,,,,,,,,,,,,,,,,,,,,,,,,,,,,,
product_3477497e-5801-8619-fdac-98560f59eed0,Product,CHAIR F2-268,"Description: Chair, Structure Metal with PU/Fabric cover
<br>Size: (L)59*(D)57*(H)77 cm Seat High: 45 cm
<br>Materials: METAL,FABRIC/PU
<br>",,כסאות,F2-268,,622,,TRUE,PERCENT,0,InStock,0,,,,,,,,,,,,,,,,,,,,,,,,,,,,,,
product_6a62f0c0-7bf9-0921-134c-e4048e84cf14,Product,CHAIR F2-81,"Description: Chair, Structure Full PP
<br>Size: (L)50*(W)51*(H)73 cm Seat High: 45 cm
<br>Materials: PP
<br>",,כסאות,F2-81,,190,,TRUE,PERCENT,0,InStock,0,צבע,DROP_DOWN,WHITE;BLACK;RED;GREEN;BLUE;YELLOW;GREY;ORANGE,,,,,,,,,,,,,,,,,,,,,,,,,,,
product_3454a364-0e96-77a0-375b-083b0dcd019b,Product,CHAIR F2-241,"Description: Chair, Structure ABS with Fabric cover
<br>Size: (L)56*(D)56*(H)80 cm Seat High: 46 cm
<br>Materials: ABS,METAL,FABRIC
<br>",,כסאות,F2-240,,638,,TRUE,PERCENT,0,InStock,0,צבע,DROP_DOWN,WHITE;BLACK,,,,,,,,,,,,,,,,,,,,,,,,,,,
product_9906b23e-7b48-feb9-dbd9-fad90de83c4f,Product,CHAIR F2-19,"Description: Chair, Structure Seat in PP , Legs in Wood &amp; Metal
<br>Size: (L)56*(W)46*(H)80 cm Seat High: 45 cm
<br>Materials: PP,WOOD,METAL
<br>",,כסאות,F2-19,,190,,TRUE,PERCENT,0,InStock,0,צבע,DROP_DOWN,WHITE;BLACK;RED;GREEN;BLUE;YELLOW;PEACH;PINK;ORANGE,,,,,,,,,,,,,,,,,,,,,,,,,,,
product_5a9633a9-acb9-6650-d567-b7737d4500c6,Product,CHAIR F2-11,"Description: Chair, Structure Seat in PP cover with Fabric, Legs in Metal
<br>Materials: PP,FABRIC,METAL
<br>",,כסאות,F2-11,,0,,TRUE,PERCENT,0,InStock,0,,,,,,,,,,,,,,,,,,,,,,,,,,,,,,
product_40875333-e85b-e669-5677-a1ee0125413d,Product,CHAIR F2-212,"Description: Chair, Structure Wood with ABS seat
<br>Materials: WOOD,ABS
<br>",,כסאות,F2-212,,394,,TRUE,PERCENT,0,InStock,0,צבע,DROP_DOWN,WHITE FRONT+WHITE;RED;GREEN;ORANGE;BLACK;WHITE;YELLOW BACK,,,,,,,,,,,,,,,,,,,,,,,,,,,
product_18b6bbe7-84f5-271b-e037-e6a1ab0bcdec,Product,CHAIR F2-78,"Description: Chair, Structure Seat in PP cover with Fabric, Legs in Wood
<br>Size: (L)56*(W)61*(H)80 cm Seat High: 45 cm
<br>Materials: PP,WOOD,FABRIC
<br>",,כסאות,F2-78,,280,,TRUE,PERCENT,0,InStock,0,,,,,,,,,,,,,,,,,,,,,,,,,,,,,,
product_0fe1b18b-2e22-5a4c-67ec-7936042af694,Product,CHAIR F2-166,"Description: Chair, Structure Full PC
<br>Size: (L)56*(D)46*(H)78 cm Seat High: 43 cm
<br>Materials: PC
<br>",,כסאות,F2-166,,284,,TRUE,PERCENT,0,InStock,0,,,,,,,,,,,,,,,,,,,,,,,,,,,,,,
product_7275c7ba-dd0d-9e91-36d5-21dff748fa90,Product,CHAIR F2-175,"Description: Chair, Structure Full PP
<br>Size: (L)53*(D)54*(H)87 cm Seat High: 45 cm
<br>Materials: PP
<br>",,כסאות,F2-175,,205,,TRUE,PERCENT,0,InStock,0,צבע,DROP_DOWN,BLACK;WHITE;GREY,,,,,,,,,,,,,,,,,,,,,,,,,,,
product_f517040f-dcc2-0c76-bf37-11ce10e591f6,Product,CHAIR F2-202,"Description: Chair, Structure Wood &amp; PP with Fabric cover
<br>Size: (L)58*(D)62*(H)80 cm Seat High: 45 cm
<br>Materials: WOOD,PP,PU
<br>",,כסאות,F2-202,,520,,TRUE,PERCENT,0,InStock,0,צבע,DROP_DOWN,WHITE;BLACK,,,,,,,,,,,,,,,,,,,,,,,,,,,
product_987778cd-7345-7c09-19f2-121e19072131,Product,CHAIR F2-24,"Description: Chair, Structure Seat in ABS, Legs in Metal
<br>Size: (L)62*(W)62*(H)83 cm Seat High: 44 cm
<br>Materials: ABS,METAL
<br>",,כסאות,F2-24,,197,,TRUE,PERCENT,0,InStock,0,צבע,DROP_DOWN,CLEAR;SMOKE GREY;CLEAR RED;CLEAR ORANGE;CLEAR PINK,,,,,,,,,,,,,,,,,,,,,,,,,,,
product_1ff2d074-a574-6b8f-4ee5-f4cb1cc830de,Product,CHAIR F2-208,"Description: Chair, Structure Wood &amp; PP with Fabric cover
<br>Size: (L)55*(D)50*(H)83 cm Seat High: 46 cm
<br>Materials: WOOD,PP,FABRIC
<br>",,כסאות,F2-208,,362,,TRUE,PERCENT,0,InStock,0,,,,,,,,,,,,,,,,,,,,,,,,,,,,,,
product_cc35423d-73fb-d299-b982-e3200b4535bb,Product,CHAIR F2-50,"Description: Chair, Structure Seat in PP Pillow with Fabric, Legs in Wood &amp; Metal
<br>Size: (L)55*(W)47*(H)82 cm Seat High: 44 cm
<br>Materials: PP,FABRIC,METAL,WOOD
<br>",,כסאות,F2-50,,244,,TRUE,PERCENT,0,InStock,0,,,,,,,,,,,,,,,,,,,,,,,,,,,,,,
product_54fda522-e99f-a15e-de66-7b9fde0b8e17,Product,CHAIR F2-298,"Description: Chair, Structure Metal &amp; PP cover with Fabric
<br>Materials: METAL,PP,FABRIC
<br>",,כסאות,F2-298,,0,,TRUE,PERCENT,0,InStock,0,,,,,,,,,,,,,,,,,,,,,,,,,,,,,,
product_5d8ebf94-7261-e233-6696-4d3fdc611131,Product,CHAIR F2-252,"Description: Chair, Structure Wood with PP seat
<br>Size: (L)46*(D)42*(H)79 cm
<br>Materials: WOOD,PP
<br>",,כסאות,F2-252,,0,,TRUE,PERCENT,0,InStock,0,צבע,DROP_DOWN,WHITE;BLACK NATURAL WOOD;DARK WOOD,,,,,,,,,,,,,,,,,,,,,,,,,,,
product_57be8e72-27d8-5a8e-cd44-65045cb4969b,Product,CHAIR F2-8,"Description: Chair, Structure Seat in PP , Legs in Wood &amp; Metal
<br>Size: (L)50*(W)56.5*(H)75 cm Seat High: 45 cm
<br>Materials: PP,WOOD,METAL
<br>",,כסאות,F2-8,,190,,TRUE,PERCENT,0,InStock,0,צבע,DROP_DOWN,WHITE;BLACK;RED;GREEN;BLUE;YELLOW;ORANGE,,,,,,,,,,,,,,,,,,,,,,,,,,,
product_2fb8ab6b-f2d3-8005-f4e8-4cd9299e4109,Product,CHAIR F2-49,"Description: Chair, Structure Seat in PP cover with Fabric, Legs in Metal and Wood
<br>Size: (L)56*(W)46*(H)80 cm Seat High: 42 cm
<br>Materials: PP,FABRIC,METAL,WOOD
<br>",,כסאות,F2-49,,232,,TRUE,PERCENT,0,InStock,0,צבע מושב,DROP_DOWN,WHITE;BLACK FABRIC,,,,,,,,,,,,,,,,,,,,,,,,,,,
product_f4bc9efe-a107-a3d8-1585-c468bbf192ab,Product,CHAIR F2-86,"Description: Chair, Structure Full PP
<br>Size: (L)55*(W)47*(H)80 cm Seat High: 44 cm
<br>Materials: PP
<br>",,כסאות,F2-86,,190,,TRUE,PERCENT,0,InStock,0,צבע,DROP_DOWN,WHITE;BLACK;RED;GREEN;BLUE;YELLOW;GREY;ORANGE,,,,,,,,,,,,,,,,,,,,,,,,,,,
product_d3b25746-f29a-937c-8d54-bf7a9ec167f4,Product,CHAIR F2-113,"<p><b>אפשרות 1:</b></p>Description: Chair, Structure Aluminium legs with PU cover
<br>Materials: ALUMINIUM,PU
<br>
<p><b>אפשרות 2:</b></p>Description: Chair, Structure Aluminium legs with Leather cover
<br>Materials: ALUMINIUM,LEATHER
<br>",,כסאות,F2-113,,2111,,TRUE,PERCENT,0,InStock,0,אפשרויות,DROP_DOWN,אפשרות 1;אפשרות 2,,,,,,,,,,,,,,,,,,,,,,,,,,,
product_d3b25746-f29a-937c-8d54-bf7a9ec167f4,Variant,,,,,F2-113_0,,,0,TRUE,,,InStock,0,,,אפשרות 1,,,,,,,,,,,,,,,,,,,,,,,,,,,
product_d3b25746-f29a-937c-8d54-bf7a9ec167f4,Variant,,,,,F2-113_1,,,385,TRUE,,,InStock,0,,,אפשרות 2,,,,,,,,,,,,,,,,,,,,,,,,,,,
product_1fee0c25-5453-fcdd-544a-01b26ffbd459,Product,CHAIR F2-87,"Description: Chair, Structure Birch Wood with Rope cover
<br>Size: (L)58*(W)55*(H)73 cm Seat High: 43 cm
<br>Materials: WOOD,ROPE
<br>",,כסאות,F2-87,,425,,TRUE,PERCENT,0,InStock,0,,,,,,,,,,,,,,,,,,,,,,,,,,,,,,
product_bff687b3-d9dc-c6a4-24ad-8e2a5e642a8f,Product,CHAIR F2-142,"Description: Chair, Structure PP &amp; Wood legs with Fabric cover
<br>Materials: WOOD,PP,FABRIC
<br>",,כסאות,F2-142,,0,,TRUE,PERCENT,0,InStock,0,,,,,,,,,,,,,,,,,,,,,,,,,,,,,,
product_7acfacb8-dea6-ee3e-79dd-b569d4750e09,Product,CHAIR F2-193,"Description: Chair, Structure Wood with Fabric cover
<br>Size: (L)65*(D)60*(H)79 cm Seat High: 48 cm
<br>Materials: WOOD,FABRIC
<br>",,כסאות,F2-193,,0,,TRUE,PERCENT,0,InStock,0,,,,,,,,,,,,,,,,,,,,,,,,,,,,,,
product_4f7e2525-b3bb-34ee-e270-a98ab498f3b6,Product,CHAIR F2-55,"Description: Chair, Structure Seat in PP , Legs in Wood &amp; Metal
<br>Size: (L)62*(W)62*(H)83 cm Seat High: 44 cm
<br>Materials: PP,METAL,WOOD
<br>",,כסאות,F2-55,,190,,TRUE,PERCENT,0,InStock,0,צבע,DROP_DOWN,WHITE;BLACK;RED;BLUE;GREEN;PINK;YELLOW,,,,,,,,,,,,,,,,,,,,,,,,,,,
product_42b4a227-caa1-db79-f001-a177e0cb36aa,Product,CHAIR F2-171,"Description: Chair, Structure Full PP
<br>Size: (L)58*(D)60*(H)73 cm Seat High: 42 cm
<br>Materials: PP
<br>",,כסאות,F2-171,,190,,TRUE,PERCENT,0,InStock,0,,,,,,,,,,,,,,,,,,,,,,,,,,,,,,
product_8f9c80d6-de7f-7a2b-22a9-fec8bda34c21,Product,CHAIR F2-116,"Description: Chair, Structure Stainless Steel with PU cover
<br>Size: (L)46*(W)56*(H)98 cm
<br>Materials: STAINLESS STEEL,PU
<br>",,כסאות,F2-116,,504,,TRUE,PERCENT,0,InStock,0,,,,,,,,,,,,,,,,,,,,,,,,,,,,,,
product_9e4229e6-786b-122d-d3d5-33162756aca5,Product,CHAIR F2-149,"Description: Chair, Structure PP with Fabric cover
<br>Size: (L)58*(D)49*(H)87 cm Seat High: 45 cm
<br>Materials: PP,FABRIC
<br>",,כסאות,F2-149,,347,,TRUE,PERCENT,0,InStock,0,,,,,,,,,,,,,,,,,,,,,,,,,,,,,,
product_bf6a6653-90dc-eafd-4d5a-09b3806103c9,Product,CHAIR F2-105,"Description: Chair, Structure Stainless Steel with PU cover
<br>Size: (L)45*(W)61*(H)94 cm
<br>Materials: STAINLESS STEEL,PU
<br>",,כסאות,F2-105,,417,,TRUE,PERCENT,0,InStock,0,,,,,,,,,,,,,,,,,,,,,,,,,,,,,,
product_9d1a367d-0aac-9621-24e2-04b11ea3072c,Product,CHAIR F2-25,"Description: Chair, Structure Seat in ABS, Legs in Metal &amp; Wood
<br>Size: (L)62*(W)62*(H)83 cm Seat High: 44 cm
<br>Materials: ABS,METAL,WOOD
<br>",,כסאות,F2-25,,197,,TRUE,PERCENT,0,InStock,0,צבע,DROP_DOWN,CLEAR;SMOKE GREY;CLEAR RED;CLEAR ORANGE;CLEAR PINK,,,,,,,,,,,,,,,,,,,,,,,,,,,
product_d2323dd2-246a-aea6-0a0b-920d7813bac1,Product,CHAIR F2-62,"Description: Chair, Structure Seat in PP cover with PU, Legs in Metal and Wood
<br>Materials: PP,PU,WOOD,METAL
<br>",,כסאות,F2-62,,0,,TRUE,PERCENT,0,InStock,0,,,,,,,,,,,,,,,,,,,,,,,,,,,,,,
product_1b7d585c-ef68-43e7-f401-3e5bb1530d60,Product,CHAIR F2-281,"Description: Chair, Structure Wood
<br>Size: (L)49*(D)47*(H)85 cm Seat High: 46 cm
<br>Materials: WOOD
<br>",,כסאות,F2-281,,0,,TRUE,PERCENT,0,InStock,0,,,,,,,,,,,,,,,,,,,,,,,,,,,,,,
product_2d516401-2460-5bf2-e367-fad778751602,Product,CHAIR F2-102,,,כסאות,F2-102,,0,,TRUE,PERCENT,0,InStock,0,,,,,,,,,,,,,,,,,,,,,,,,,,,,,,
product_f01dc998-c9f2-08a1-5fa0-ac92bfdeba42,Product,CHAIR F2-270,"Description: Chair, Structure Wood with PU/Fabric cover
<br>Size: (L)52*(D)47*(H)83 cm Seat High: 45 cm
<br>Materials: WOOD,FABRIC/PU
<br>",,כסאות,F2-270,,583,,TRUE,PERCENT,0,InStock,0,,,,,,,,,,,,,,,,,,,,,,,,,,,,,,
product_55d38289-7738-366a-4ccc-a45b916f0008,Product,CHAIR F2-244,"Description: Chair, Structure Wood &amp; PP with Fabric cover
<br>Size: (L)50*(D)47*(H)75 cm Seat High: 45 cm
<br>Materials: PP,WOOD,FABRIC
<br>",,כסאות,F2-244,,441,,TRUE,PERCENT,0,InStock,0,,,,,,,,,,,,,,,,,,,,,,,,,,,,,,
product_9751a8ea-9e13-3b73-3b04-f8d98d405408,Product,CHAIR F2-238,"Description: Chair, Structure Metal &amp; PP with Fabric cover
<br>Size: (L)56*(D)54*(H)81 cm Seat High: 45 cm
<br>Materials: METAL,PP,FABRIC
<br>",,כסאות,F2-238,,559,,TRUE,PERCENT,0,InStock,0,,,,,,,,,,,,,,,,,,,,,,,,,,,,,,
product_d7792507-9bbe-5415-1fd2-cbbdb2d7c805,Product,CHAIR F2-203,"Description: Chair, Structure Metal with ABS seat
<br>Materials: METAL,ABS
<br>",,כסאות,F2-213,,394,,TRUE,PERCENT,0,InStock,0,צבע,DROP_DOWN,WHITE FRONT+WHITE;RED;GREEN;ORANGE;BLACK;WHITE;YELLOW BACK,,,,,,,,,,,,,,,,,,,,,,,,,,,
product_7bff6280-7c59-3fda-613b-3509858f6bb0,Product,CHAIR F2-124,"Description: Chair, StructureStainless Steel (GOLD) with PU cover
<br>Size: (L)82*(W)64*(H)75 cm
<br>Materials: STAINLESS STEEL(GOLD),PU
<br>",,כסאות,F2-124,,1733,,TRUE,PERCENT,0,InStock,0,,,,,,,,,,,,,,,,,,,,,,,,,,,,,,
product_eaeb88d0-ea36-fd37-23b3-a1d6c0cec932,Product,CHAIR F2-133,"Description: Chair, Structure PP &amp; Wood legs
<br>Materials: WOOD,PP
<br>",,כסאות,F2-133,,0,,TRUE,PERCENT,0,InStock,0,צבע,DROP_DOWN,WOOD;WHITE,,,,,,,,,,,,,,,,,,,,,,,,,,,
product_f93d75fc-58b6-8195-2291-8fae2c1a8bde,Product,CHAIR F2-204,"Description: Chair, Structure Wood &amp; PP with Fabric cover
<br>Size: (L)58*(D)62*(H)80 cm Seat High: 45 cm
<br>Materials: WOOD,PP,PU
<br>",,כסאות,F2-204,,520,,TRUE,PERCENT,0,InStock,0,,,,,,,,,,,,,,,,,,,,,,,,,,,,,,
product_8cf9a3ba-67ca-2561-ed1c-e1bcf9bb7031,Product,CHAIR F2-164,"Description: Chair, Structure Full PC
<br>Size: (L)59*(D)56*(H)82 cm Seat High: 46 cm
<br>Materials: PC
<br>",,כסאות,F2-164,,276,,TRUE,PERCENT,0,InStock,0,,,,,,,,,,,,,,,,,,,,,,,,,,,,,,
product_140d6bc5-8aee-9a67-1166-40dfc6d52391,Product,CHAIR F2-36,"Description: Chair, Structure Seat in ABS, Legs in Metal &amp; Wood
<br>Size: (L)62*(W)62*(H)83 cm Seat High: 44 cm
<br>Materials: ABS,METAL,WOOD
<br>",,כסאות,F2-36,,190,,TRUE,PERCENT,0,InStock,0,צבע,DROP_DOWN,WHITE;BLACK;RED;GREEN;BLUE;YELLOW,,,,,,,,,,,,,,,,,,,,,,,,,,,
product_f9114aee-2d2e-7f81-26d1-b08e5ad1ae81,Product,CHAIR F2-3,"Description: Chair, Structure Full PP
<br>Size: (L)56*(W)54*(H)83 cm Seat High: 48 cm
<br>Materials: PP
<br>",,כסאות,F2-3,,190,,TRUE,PERCENT,0,InStock,0,צבע,DROP_DOWN,WHITE;BLACK;RED;GREEN;BLUE;YELLOW;GREY;ORANGE,,,,,,,,,,,,,,,,,,,,,,,,,,,
product_7f096073-ca59-566a-bd45-5875eb381ef2,Product,CHAIR F2-110,"Description: Chair, Structure Stainless Steel with PU/Fabric cover
<br>Size: (L)47*(W)58*(H)80 cm
<br>Materials: STAINLESS STEEL,PU/FABRIC
<br>",,כסאות,F2-110,,488,,TRUE,PERCENT,0,InStock,0,,,,,,,,,,,,,,,,,,,,,,,,,,,,,,
product_00d55ea5-3084-76c8-95b2-57f546787f09,Product,CHAIR F2-251,"Description: Chair, Structure Wood
<br>Size: (L)51*(D)47*(H)97 cm Seat High: 44 cm
<br>Materials: WOOD
<br>",,כסאות,F2-251,,717,,TRUE,PERCENT,0,InStock,0,צבע,DROP_DOWN,WOOD,,,,,,,,,,,,,,,,,,,,,,,,,,,
product_76c5d4ec-4618-3893-d417-e01cb86b78b1,Product,CHAIR F2-177,"Description: Chair, Structure Full PP
<br>Size: (L)53*(D)48*(H)81 cm Seat High: 46 cm
<br>Materials: PP
<br>",,כסאות,F2-177,,221,,TRUE,PERCENT,0,InStock,0,צבע,DROP_DOWN,WHITE;BEIGE;LIGHT YELLOW;LIGHT GREY;LIME,,,,,,,,,,,,,,,,,,,,,,,,,,,
product_2fd16d3d-8304-7e5f-5cda-ba73da72d412,Product,CHAIR F2-178,"Description: Chair, Structure PP with Fabric cover &amp; Wood legs
<br>Size: (L)63*(D)67*(H)82 cm Seat High: 46 cm
<br>Materials: WOOD,PP,FABRIC
<br>",,כסאות,F2-178,,543,,TRUE,PERCENT,0,InStock,0,,,,,,,,,,,,,,,,,,,,,,,,,,,,,,
product_edd661cd-8b8e-24f8-0992-8a96cdc90de6,Product,CHAIR F2-35,"Description: Chair, Structure Seat in ABS, Legs in Metal
<br>Size: (L)56*(W)46*(H)80 cm Seat High: 42 cm
<br>Materials: ABS,METAL
<br>",,כסאות,F2-35,,190,,TRUE,PERCENT,0,InStock,0,צבע,DROP_DOWN,WHITE;BLACK;RED;GREEN;BLUE;YELLOW,,,,,,,,,,,,,,,,,,,,,,,,,,,
product_f448a6af-7409-dd60-1754-653d752f1c13,Product,CHAIR F2-57,"Description: Chair, Structure Seat in PP Pillow with Fabric, Legs in Wood &amp; Metal
<br>Size: (L)56*(W)61*(H)80 cm Seat High: 45 cm
<br>Materials: PP,FABRIC,METAL,WOOD
<br>",,כסאות,F2-57,,291,,TRUE,PERCENT,0,InStock,0,,,,,,,,,,,,,,,,,,,,,,,,,,,,,,
product_36887156-0b52-e27a-2f9d-5183f211229d,Product,CHAIR F2-230,"Description: Chair, Structure Metal legs &amp; PP seat with Fabric cover
<br>Size: (L)67*(D)61*(H)81 cm Seat High: 48 cm
<br>Materials: METAL,PP,FABRIC
<br>",,כסאות,F2-230,,512,,TRUE,PERCENT,0,InStock,0,,,,,,,,,,,,,,,,,,,,,,,,,,,,,,
product_10e4e710-847f-298f-767b-1183600fd056,Product,CHAIR F2-167,"Size: (L)54*(D)46*(H)83 cm Seat High: 46 cm
<br>",,כסאות,F2-167,,0,,TRUE,PERCENT,0,InStock,0,,,,,,,,,,,,,,,,,,,,,,,,,,,,,,
product_141330e4-2d9b-5270-9bba-c5ab39b9e0ab,Product,CHAIR F2-28,"Description: Chair, Structure Seat in ABS, Legs in Metal &amp; Wood
<br>Size: (L)56*(W)61*(H)80 cm Seat High: 45 cm
<br>Materials: ABS,METAL,WOOD
<br>",,כסאות,F2-28,,221,,TRUE,PERCENT,0,InStock,0,צבע,DROP_DOWN,CLEAR;SMOKE GREY;CLEAR YELLOW,,,,,,,,,,,,,,,,,,,,,,,,,,,