No.,Main_Category,Secondary_Category,Sub_Category,Sub_Category_ID,Type,Related_Area,Complementary_Categories,Complementary_Products,Supplier,Supplier_Code,Brand,Display_the _brand,Model,Diaplay_the_brand,Catalog_Page,Supplier_SKU,Set,HomMe_SKU,Sub_HomMe_SKU,Main_Picture,Other_Pictures,Colors,Material,Product_Name,Description,Promotion_Message,Size,CBM（m³）,Hight_calc,Width_calc,Depth_calc,Thinkness_calc,Material_calc,Cubes_calc,In_Stock,Time_to_order,Cost_Original,Cost_Original_USD,Multiplier_Cost_Handling,Cost_Handling_USD,Multiplier_Cost_Shipping,Cost_Shipping_USD,Multiplier_Cost_Taxes,Cost_Taxes_USD,Multiplier_Cost_ISR_Shipping,Cost_ISR_Shipping_USD,Total_Cost_USD,Dollar_Exchange_Rate,Catalog_Price,Retailer_Discount,Cost_ILS,VAT,Cost_incVAT,Multiplier_Before_Normal_Price,Normal_Price,Multiplier_Shope_Price,Shope_Price,Marketing_Price_Customer,Multiplier_Designer_Price,Designer_Price,Special_Price_Sectorial,Profit,Profit_Prc,Shipping_Info,Return_Policy,Warranty,Additional_Info
1,ריהוט,,Queen bed,,ריהוט עץ,,,,DZ,DZ,,,DZ Furnitur,,16,7001#,,FRDZ4,1,FRDZ4,FRDZ4A,,Ash+Rowan,Queen bed - FRDZ41,Queen bed,,1500*2000,0.56,,,,,,,,60 ימי עבודה בכפוף להבהרות,,768.9,1.5,,,,,,,,1153.35,3.5,,,2691,17%,3149,2.5,7872,,,,2.2,6927,,3778,54.5%,,,,
2,ריהוט,,King bed,,ריהוט עץ,,,,DZ,DZ,,,DZ Furnitur,,16,7001#,,FRDZ4,2,FRDZ4,FRDZ4A,,Ash+Rowan,King bed - FRDZ42,King bed,,Mattress: 1800*2000,0.6,,,,,,,,60 ימי עבודה בכפוף להבהרות,,793.1,1.5,,,,,,,,1189.65,3.5,,,2776,17%,3248,2.5,8119,,,,2.2,7145,,3897,54.5%,,,,
3,ריהוט,,Night stand,,ריהוט עץ,,,,DZ,DZ,,,DZ Furnitur,,20,7003# ,,FRDZ6,,FRDZ6,FRDZ6A,,Ash,Night stand - FRDZ6,Night stand,,500*450*450,0.15,,,,,,,,60 ימי עבודה בכפוף להבהרות,,127.6,1.5,,,,,,,,191.4,3.5,,,447,17%,523,2.5,1306,,,,2.2,1150,,627,54.5%,,,,
4,ריהוט,,Night stand,,ריהוט עץ,,,,DZ,DZ,,,DZ Furnitur,,19,7002# ,,FRDZ7,,FRDZ7,FRDZ7A,,Ash+metal,Night stand - FRDZ7,Night stand,,535*400*1300,0.14,,,,,,,,60 ימי עבודה בכפוף להבהרות,,210.1,1.5,,,,,,,,315.15,3.5,,,735,17%,860,2.5,2151,,,,2.2,1893,,1032,54.5%,,,,
5,ריהוט,,Side table,,ריהוט עץ,,,,DZ,DZ,,,DZ Furnitur,,88,330#,,FRDZ8,,FRDZ8,FRDZ8A,,Ash+metal,Side table - FRDZ8,Side table,,400*210*520,0.06,,,,,,,,60 ימי עבודה בכפוף להבהרות,,93.5,1.5,,,,,,,,140.25,3.5,,,327,17%,383,2.5,957,,,,2.2,842,,459,54.5%,,,,
6,ריהוט,,dining table top,,ריהוט עץ,,,,DZ,DZ,,,DZ Furnitur,,17,7101#,,FRDZ9,1,FRDZ9,FRDZ9A,,Ash,dining table top - FRDZ91,dining table top,,2600*900*45,0.67,,,,,,,,60 ימי עבודה בכפוף להבהרות,,776.6,1.5,,,,,,,,1164.9,3.5,,,2718,17%,3180,2.5,7950,,,,2.2,6996,,3816,54.5%,,,,
7,ריהוט,,dining table top,,ריהוט עץ,,,,DZ,DZ,,,DZ Furnitur,,17,7101#,,FRDZ9,2,FRDZ9,FRDZ9A,,Ash+Rowan,dining table top - FRDZ92,dining table top,,2000*850*45,,,,,,,,,60 ימי עבודה בכפוף להבהרות,,581.9,1.5,,,,,,,,872.85,3.5,,,2037,17%,2383,2.5,5957,,,,2.2,5242,,2859,54.5%,,,,
8,ריהוט,,dining table top,,ריהוט עץ,,,,DZ,DZ,,,DZ Furnitur,,17,7101#,,FRDZ9,3,FRDZ9,FRDZ9A,,Ash+Rowan,dining table top - FRDZ93,dining table top,,1600*850*45,,,,,,,,,60 ימי עבודה בכפוף להבהרות,,477.4,1.5,,,,,,,,716.1,3.5,,,1671,17%,1955,2.5,4887,,,,2.2,4301,,2346,54.5%,,,,
9,ריהוט,,Dinng table top,,ריהוט עץ,,,,DZ,DZ,,,DZ Furnitur,,17,,,FRDZ13,1,FRDZ13,FRDZ13A,,Ash,Dinng table top - FRDZ131,Dinng table top,,2600*900*45,,,,,,,,,60 ימי עבודה בכפוף להבהרות,,776.6,1.5,,,,,,,,1164.9,3.5,,,2718,17%,3180,2.5,7950,,,,2.2,6996,,3816,54.5%,,,,
10,ריהוט,,Dinng table top,,ריהוט עץ,,,,DZ,DZ,,,DZ Furnitur,,17,7101#,,FRDZ13,2,FRDZ13,FRDZ13A,,Ash+Rowan,Dinng table top - FRDZ132,Dinng table top,,2000*900*45,,,,,,,,,60 ימי עבודה בכפוף להבהרות,,581.9,1.5,,,,,,,,872.85,3.5,,,2037,17%,2383,2.5,5957,,,,2.2,5242,,2859,54.5%,,,,
11,ריהוט,,Dinng table top,,ריהוט עץ,,,,DZ,DZ,,,DZ Furnitur,,17,7101#,,FRDZ13,3,FRDZ13,FRDZ13A,,Ash+Rowan,Dinng table top - FRDZ133,Dinng table top,,1600*900*45,,,,,,,,,60 ימי עבודה בכפוף להבהרות,,477.4,1.5,,,,,,,,716.1,3.5,,,1671,17%,1955,2.5,4887,,,,2.2,4301,,2346,54.5%,,,,
12,ריהוט,,"Chair
red",,ריהוט עץ,,,,DZ,DZ,,,DZ Furnitur,,27,155# ,,FRDZ18,1,FRDZ18,"FRDZ18A, FRDZ18B, FRDZ18C",,Ash+metal,"Chair
red - FRDZ181","Chair
red",,562*543*720,0.56,,,,,,,,60 ימי עבודה בכפוף להבהרות,,116.6,1.5,,,,,,,,174.9,3.5,,,408,17%,477,2.5,1194,,,,2.2,1050,,573,54.5%,,,,
13,ריהוט,,"Chair
green",,ריהוט עץ,,,,DZ,DZ,,,DZ Furnitur,,27,155# ,,FRDZ18,2,FRDZ18,"FRDZ18A, FRDZ18B, FRDZ18C",,Ash+stainless steel,"Chair
green - FRDZ182","Chair
green",,562*543*720,0.56,,,,,,,,60 ימי עבודה בכפוף להבהרות,,116.6,1.5,,,,,,,,174.9,3.5,,,408,17%,477,2.5,1194,,,,2.2,1050,,573,54.5%,,,,
14,ריהוט,,Chair,,ריהוט עץ,,,,DZ,DZ,,,DZ Furnitur,,26,156# ,,FRDZ20,,FRDZ20,,,Ash+fabric,Chair - FRDZ20,Chair,,596*530*720,0.44,,,,,,,,60 ימי עבודה בכפוף להבהרות,,134.2,1.5,,,,,,,,201.3,3.5,,,470,17%,550,2.5,1374,,,,2.2,1209,,659,54.5%,,,,
15,ריהוט,,Chair,,ריהוט עץ,,,,DZ,DZ,,,DZ Furnitur,,25,157# ,,FRDZ21,,FRDZ21,FRDZ21A,,Ash+twine,Chair - FRDZ21,Chair,,540*620*850,0.46,,,,,,,,60 ימי עבודה בכפוף להבהרות,,102.3,1.5,,,,,,,,153.45,3.5,,,358,17%,419,2.5,1047,,,,2.2,922,,503,54.5%,,,,
16,ריהוט,,Chair-With Arm,,ריהוט עץ,,,,DZ,DZ,,,DZ Furnitur,,25,158# ,,FRDZ22,,FRDZ22,FRDZ22A,,Ash+twine,Chair-With Arm - FRDZ22,Chair-With Arm,,574*650*850,0.28,,,,,,,,60 ימי עבודה בכפוף להבהרות,,123.2,1.5,,,,,,,,184.8,3.5,,,431,17%,505,2.5,1261,,,,2.2,1110,,605,54.5%,,,,
17,ריהוט,,"Chair
Grey &Green",,ריהוט עץ,,,,DZ,DZ,,,DZ Furnitur,,94,161#,,FRDZ23,,FRDZ23,"FRDZ23A, FRDZ23B",,Ash+fabric,"Chair
Grey &Green - FRDZ23","Chair
Grey &Green",,580*600*840,,,,,,,,,60 ימי עבודה בכפוף להבהרות,,111.1,1.5,,,,,,,,166.65,3.5,,,389,17%,455,2.5,1137,,,,2.2,1001,,546,54.5%,,,,
18,ריהוט,,Chair,,ריהוט עץ,,,,DZ,DZ,,,DZ Furnitur,,94,162#,,FRDZ24,,FRDZ24,FRDZ24A,,Ash+fabric,Chair - FRDZ24,Chair,,800*700*620,0.24,,,,,,,,60 ימי עבודה בכפוף להבהרות,,145.2,1.5,,,,,,,,217.8,3.5,,,508,17%,595,2.5,1486,,,,2.2,1308,,714,54.5%,,,,
19,ריהוט,,Chair,,ריהוט עץ,,,,DZ,DZ,,,DZ Furnitur,,93,3105#,,FRDZ25,,FRDZ25,"FRDZ25A, FRDZ25B, FRDZ25C, FRDZ25D",,"Ash+fabric
Orange
Green
Grey",Chair - FRDZ25,Chair,,520*580*840,0.24,,,,,,,,60 ימי עבודה בכפוף להבהרות,,105.6,1.5,,,,,,,,158.4,3.5,,,370,17%,432,2.5,1081,,,,2.2,951,,519,54.5%,,,,
20,ריהוט,,"Chair
Green&Gray",,ריהוט עץ,,,,DZ,DZ,,,DZ Furnitur,,92,165#,,FRDZ26,,FRDZ26,"FRDZ26A, FRDZ26B",,Ash+fabric,"Chair
Green&Gray - FRDZ26","Chair
Green&Gray",,540*600*840,,,,,,,,,60 ימי עבודה בכפוף להבהרות,,95.7,1.5,,,,,,,,143.55,3.5,,,335,17%,392,2.5,980,,,,2.2,862,,470,54.5%,,,,
21,ריהוט,,Desk,,ריהוט עץ,,,,DZ,DZ,,,DZ Furnitur,,20,7202#,,FRDZ27,,FRDZ27,FRDZ27A,,Ash+Rowan,Desk - FRDZ27,Desk,,1900*600*755,0.44,,,,,,,,60 ימי עבודה בכפוף להבהרות,,614.9,1.5,,,,,,,,922.35,3.5,,,2152,17%,2518,2.5,6295,,,,2.2,5540,,3022,54.5%,,,,
22,ריהוט,,Desk,,ריהוט עץ,,,,DZ,DZ,,,DZ Furnitur,,20,7203#,,FRDZ28,,FRDZ28,FRDZ28A,,Ash,Desk - FRDZ28,Desk,,1600*350*755,0.23,,,,,,,,60 ימי עבודה בכפוף להבהרות,,306.9,1.5,,,,,,,,460.35,3.5,,,1074,17%,1257,2.5,3142,,,,2.2,2765,,1508,54.5%,,,,
23,ריהוט,,Chair,,ריהוט עץ,,,,DZ,DZ,,,DZ Furnitur,,26,153# ,,FRDZ29,1,FRDZ29,"FRDZ29A, FRDZ29B",,"Black
Ash",Chair - FRDZ291,Chair,,480*485*746,0.38,,,,,,,,60 ימי עבודה בכפוף להבהרות,,108.9,1.5,,,,,,,,163.35,3.5,,,381,17%,446,2.5,1115,,,,2.2,981,,535,54.5%,,,,
24,ריהוט,,Chair,,ריהוט עץ,,,,DZ,DZ,,,DZ Furnitur,,26,153# ,,FRDZ29,2,FRDZ29,"FRDZ29A, FRDZ29B",,"Nature
Ash",Chair - FRDZ292,Chair,,480*485*746,0.38,,,,,,,,60 ימי עבודה בכפוף להבהרות,,108.9,1.5,,,,,,,,163.35,3.5,,,381,17%,446,2.5,1115,,,,2.2,981,,535,54.5%,,,,
25,ריהוט,,Bookshelf,,ריהוט עץ,,,,DZ,DZ,,,DZ Furnitur,,22,7205#,,FRDZ31,,FRDZ31,FRDZ31A,,Ash,Bookshelf - FRDZ31,Bookshelf,,2000*320*235,0.065,,,,,,,,60 ימי עבודה בכפוף להבהרות,,210.1,1.5,,,,,,,,315.15,3.5,,,735,17%,860,2.5,2151,,,,2.2,1893,,1032,54.5%,,,,
26,ריהוט,,Bookshelf,,ריהוט עץ,,,,DZ,DZ,,,DZ Furnitur,,22,7206# ,,FRDZ32,,FRDZ32,FRDZ32A,,Ash+steel,Bookshelf - FRDZ32,Bookshelf,,2000*350*1380,0.25,,,,,,,,60 ימי עבודה בכפוף להבהרות,,518.1,1.5,,,,,,,,777.15,3.5,,,1813,17%,2122,2.5,5304,,,,2.2,4668,,2546,54.5%,,,,
27,ריהוט,,Sofa-1,,ריהוט עץ,,,,DZ,DZ,,,DZ Furnitur,,24,7303#,,FRDZ33,,FRDZ33,FRDZ33A,,Ash+Rowan,Sofa-1 - FRDZ33,Sofa-1,,1020*520*730,0.22,,,,,,,,60 ימי עבודה בכפוף להבהרות,,258.5,1.5,,,,,,,,387.75,3.5,,,905,17%,1059,2.5,2646,,,,2.2,2329,,1270,54.5%,,,,
28,ריהוט,,Sofa-3,,ריהוט עץ,,,,DZ,DZ,,,DZ Furnitur,,23,7305#,,FRDZ34,1,FRDZ34,FRDZ34A,,Ash,Sofa-3 - FRDZ341,Sofa-3,,2200*650*745,0.68,,,,,,,,60 ימי עבודה בכפוף להבהרות,,793.1,1.5,,,,,,,,1189.65,3.5,,,2776,17%,3248,2.5,8119,,,,2.2,7145,,3897,54.5%,,,,
29,ריהוט,,Sofa-4,,ריהוט עץ,,,,DZ,DZ,,,DZ Furnitur,,23,7305#,,FRDZ34,2,FRDZ34,FRDZ34A,,Ash,Sofa-4 - FRDZ342,Sofa-4,,2600*650*745,0.68,,,,,,,,60 ימי עבודה בכפוף להבהרות,,938.3,1.5,,,,,,,,1407.45,3.5,,,3284,17%,3842,2.5,9606,,,,2.2,8453,,4611,54.5%,,,,
30,ריהוט,,Bench,,ריהוט עץ,,,,DZ,DZ,,,DZ Furnitur,,24,7103#,,FRDZ37,,FRDZ37,FRDZ37A,,Ash,Bench - FRDZ37,Bench,,1700*350*440,0.55,,,,,,,,60 ימי עבודה בכפוף להבהרות,,195.8,1.5,,,,,,,,293.7,3.5,,,685,17%,802,2.5,2005,,,,2.2,1764,,962,54.5%,,,,
31,ריהוט,,Bench,,ריהוט עץ,,,,DZ,DZ,,,DZ Furnitur,,24,7307#,,FRDZ38,,FRDZ38,FRDZ38A,,Ash,Bench - FRDZ38,Bench,,1900*400*910,0.53,,,,,,,,60 ימי עבודה בכפוף להבהרות,,388.3,1.5,,,,,,,,582.45,3.5,,,1359,17%,1590,2.5,3975,,,,2.2,3498,,1908,54.5%,,,,
32,ריהוט,,Sofa-3,,ריהוט עץ,,,,DZ,DZ,,,DZ Furnitur,,16,7711#,,FRDZ39,,FRDZ39,FRDZ39A,,Ash+fabric,Sofa-3 - FRDZ39,Sofa-3,,2800*1030*800,2.66,,,,,,,,60 ימי עבודה בכפוף להבהרות,,1261.7,1.5,,,,,,,,1892.55,3.5,,,4416,17%,5167,2.5,12917,,,,2.2,11367,,6200,54.5%,,,,
33,ריהוט,,Sofa-1,,ריהוט עץ,,,,DZ,DZ,,,DZ Furnitur,,17,7313#,,FRDZ40,,FRDZ40,FRDZ40A,,Ash+fabric,Sofa-1 - FRDZ40,Sofa-1,,890*1030*830,0.56,,,,,,,,60 ימי עבודה בכפוף להבהרות,,404.8,1.5,,,,,,,,607.2,3.5,,,1417,17%,1658,2.5,4144,,,,2.2,3647,,1989,54.5%,,,,
34,ריהוט,,Sofa-3,,ריהוט עץ,,,,DZ,DZ,,,DZ Furnitur,,16,7712#,,FRDZ41,,FRDZ41,FRDZ41A,,Ash+fabric,Sofa-3 - FRDZ41,Sofa-3,,2800*1055*700,2.66,,,,,,,,60 ימי עבודה בכפוף להבהרות,,1285.9,1.5,,,,,,,,1928.85,3.5,,,4501,17%,5266,2.5,13164,,,,2.2,11585,,6319,54.5%,,,,
35,ריהוט,,Sofa-3,,ריהוט עץ,,,,DZ,DZ,,,DZ Furnitur,,28,803#,,FRDZ42,,FRDZ42,"FRDZ42A, FRDZ42B",,Ash+fabric,Sofa-3 - FRDZ42,Sofa-3,,2400*1020*850,1.75,,,,,,,,60 ימי עבודה בכפוף להבהרות,,704,1.5,,,,,,,,1056,3.5,,,2464,17%,2883,2.5,7207,,,,2.2,6342,,3459,54.5%,,,,
36,ריהוט,,TV unit,,ריהוט עץ,,,,DZ,DZ,,,DZ Furnitur,,21,7317#,,FRDZ43,,FRDZ43,FRDZ43A,,Ash+paint,TV unit - FRDZ43,TV unit,,2000*450*450,0.71,,,,,,,,60 ימי עבודה בכפוף להבהרות,,695.2,1.5,,,,,,,,1042.8,3.5,,,2433,17%,2847,2.5,7117,,,,2.2,6263,,3416,54.5%,,,,
37,ריהוט,,TV Unit,,ריהוט עץ,,,,DZ,DZ,,,DZ Furnitur,,21,7301#,,FRDZ44,,FRDZ44,FRDZ44A,,Ash+Rowan,TV Unit - FRDZ44,TV Unit,,2150*500*355,0.69,,,,,,,,60 ימי עבודה בכפוף להבהרות,,518.1,1.5,,,,,,,,777.15,3.5,,,1813,17%,2122,2.5,5304,,,,2.2,4668,,2546,54.5%,,,,
38,ריהוט,,Coffee table,,ריהוט עץ,,,,DZ,DZ,,,DZ Furnitur,,18,7302#,,FRDZ45,,FRDZ45,FRDZ45A,,Ash+Rowan,Coffee table - FRDZ45,Coffee table,,1600*700*350,0.62,,,,,,,,60 ימי עבודה בכפוף להבהרות,,453.2,1.5,,,,,,,,679.8,3.5,,,1586,17%,1856,2.5,4640,,,,2.2,4083,,2227,54.5%,,,,
39,ריהוט,,Coffee table,,ריהוט עץ,,,,DZ,DZ,,,DZ Furnitur,,18,7310#,,FRDZ46,,FRDZ46,FRDZ46A,,Ash+Rowan,Coffee table - FRDZ46,Coffee table,,1600*700*350,0.62,,,,,,,,60 ימי עבודה בכפוף להבהרות,,453.2,1.5,,,,,,,,679.8,3.5,,,1586,17%,1856,2.5,4640,,,,2.2,4083,,2227,54.5%,,,,
40,ריהוט,,Loundge chair,,ריהוט עץ,,,,DZ,DZ,,,DZ Furnitur,,96,136#,,FRDZ47,,FRDZ47,FRDZ47A,,Ash+twine,Loundge chair - FRDZ47,Loundge chair,,620*845*800,0.59,,,,,,,,60 ימי עבודה בכפוף להבהרות,,202.4,1.5,,,,,,,,303.6,3.5,,,708,17%,829,2.5,2072,,,,2.2,1823,,995,54.5%,,,,
41,ריהוט,,Coffee table,,ריהוט עץ,,,,DZ,DZ,,,DZ Furnitur,,18,338#,,FRDZ48,,FRDZ48,FRDZ48A,,Ash,Coffee table - FRDZ48,Coffee table,,900*450*320,0.18,,,,,,,,60 ימי עבודה בכפוף להבהרות,,141.9,1.5,,,,,,,,212.85,3.5,,,497,17%,581,2.5,1453,,,,2.2,1278,,697,54.5%,,,,
42,ריהוט,,Coffee table,,ריהוט עץ,,,,DZ,DZ,,,DZ Furnitur,,19,339#,,FRDZ49,,FRDZ49,FRDZ49A,,Ash,Coffee table - FRDZ49,Coffee table,,500*500*400,0.16,,,,,,,,60 ימי עבודה בכפוף להבהרות,,95.7,1.5,,,,,,,,143.55,3.5,,,335,17%,392,2.5,980,,,,2.2,862,,470,54.5%,,,,
43,ריהוט,,Side table,,ריהוט עץ,,,,DZ,DZ,,,DZ Furnitur,,89,328#,,FRDZ50,,FRDZ50,FRDZ50A,,Ash,Side table - FRDZ50,Side table,,∅500*505h,0.22,,,,,,,,60 ימי עבודה בכפוף להבהרות,,105.6,1.5,,,,,,,,158.4,3.5,,,370,17%,432,2.5,1081,,,,2.2,951,,519,54.5%,,,,
44,ריהוט,,Side table,,ריהוט עץ,,,,DZ,DZ,,,DZ Furnitur,,89,329#,,FRDZ51,,FRDZ51,FRDZ51A,,Ash,Side table - FRDZ51,Side table,,∅600*400h,0.23,,,,,,,,60 ימי עבודה בכפוף להבהרות,,105.6,1.5,,,,,,,,158.4,3.5,,,370,17%,432,2.5,1081,,,,2.2,951,,519,54.5%,,,,
45,ריהוט,,Stool,,ריהוט עץ,,,,DZ,DZ,,,DZ Furnitur,,96,151#,,FRDZ52,,FRDZ52,FRDZ52A,,Ash+twine,Stool - FRDZ52,Stool,,600*350*360,0.14,,,,,,,,60 ימי עבודה בכפוף להבהרות,,74.8,1.5,,,,,,,,112.2,3.5,,,262,17%,306,2.5,766,,,,2.2,674,,368,54.5%,,,,
46,ריהוט,,Stool(Natural/Brown/Black),,ריהוט עץ,,,,DZ,DZ,,,DZ Furnitur,,95,138#,,FRDZ53,,FRDZ53,"FRDZ53A, FRDZ53B, FRDZ53C",,Ash,Stool(Natural/Brown/Black) - FRDZ53,Stool(Natural/Brown/Black),,410*360*505,0.039,,,,,,,,60 ימי עבודה בכפוף להבהרות,,35.2,1.5,,,,,,,,52.8,3.5,,,123,17%,144,2.5,360,,,,2.2,317,,173,54.5%,,,,
47,ריהוט,,Coat hanger,,ריהוט עץ,,,,DZ,DZ,,,DZ Furnitur,,92,606#,,FRDZ54,,FRDZ54,FRDZ54A,,Ash+metal,Coat hanger - FRDZ54,Coat hanger,,1100*300*1360,,,,,,,,,60 ימי עבודה בכפוף להבהרות,,160.6,1.5,,,,,,,,240.9,3.5,,,562,17%,658,2.5,1644,,,,2.2,1447,,789,54.5%,,,,
48,ריהוט,,"Chest of Drawers
",,ריהוט עץ,,,,DZ,DZ,,,DZ Furnitur,,22,7318#,,FRDZ55,,FRDZ55,FRDZ55A,,Ash+paint,"Chest of Drawers
 - FRDZ55","Chest of Drawers
",,860*470*1280,0.82,,,,,,,,60 ימי עבודה בכפוף להבהרות,,631.4,1.5,,,,,,,,947.1,3.5,,,2210,17%,2586,2.5,6464,,,,2.2,5688,,3103,54.5%,,,,
49,ריהוט,,Side table     Orange/Green,,ריהוט עץ,,,,DZ,DZ,,,DZ Furnitur,,90,312#,,FRDZ56,,FRDZ56,"FRDZ56A, FRDZ56B",,Ash+MDF,Side table     Orange/Green - FRDZ56,Side table     Orange/Green,,522*425*690,0.19704375,,,,,,,,60 ימי עבודה בכפוף להבהרות,,83.6,1.5,,,,,,,,125.4,3.5,,,293,17%,342,2.5,856,,,,2.2,753,,411,54.5%,,,,
50,ריהוט,,Side table,,ריהוט עץ,,,,DZ,DZ,,,DZ Furnitur,,88,327#,,FRDZ57,,FRDZ57,FRDZ57A,,Ash,Side table - FRDZ57,Side table,,640*562*680,0.28,,,,,,,,60 ימי עבודה בכפוף להבהרות,,80.3,1.5,,,,,,,,120.45,3.5,,,281,17%,329,2.5,822,,,,2.2,723,,395,54.5%,,,,
51,ריהוט,,Cabinet,,ריהוט עץ,,,,DZ,DZ,,,DZ Furnitur,,21,7319#,,FRDZ58,,FRDZ58,FRDZ58A,,Ash,Cabinet - FRDZ58,Cabinet,,900*380*1800,0.91,,,,,,,,60 ימי עבודה בכפוף להבהרות,,679.8,1.5,,,,,,,,1019.7,3.5,,,2379,17%,2784,2.5,6959,,,,2.2,6124,,3341,54.5%,,,,
52,ריהוט,,Chair,,ריהוט עץ,,,,DZ,DZ,,,DZ Furnitur,,25,810#,,FRDZ59,,FRDZ59,FRDZ59A,,Ash,Chair - FRDZ59,Chair,,850*770*770H,0.56,,,,,,,,60 ימי עבודה בכפוף להבהרות,,320.1,1.5,,,,,,,,480.15,3.5,,,1120,17%,1311,2.5,3277,,,,2.2,2884,,1573,54.5%,,,,
53,ריהוט,,Coat hanger,,ריהוט עץ,,,,DZ,DZ,,,DZ Furnitur,,91,601#,,FRDZ60,,FRDZ60,FRDZ60A,,Ash+metal,Coat hanger - FRDZ60,Coat hanger,,￠360*1800,0.39,,,,,,,,60 ימי עבודה בכפוף להבהרות,,111.1,1.5,,,,,,,,166.65,3.5,,,389,17%,455,2.5,1137,,,,2.2,1001,,546,54.5%,,,,
54,ריהוט,,Coat hanger,,ריהוט עץ,,,,DZ,DZ,,,DZ Furnitur,,91,603#,,FRDZ61,,FRDZ61,FRDZ61A,,Ash,Coat hanger - FRDZ61,Coat hanger,,455*516*1370,0.48,,,,,,,,60 ימי עבודה בכפוף להבהרות,,150.7,1.5,,,,,,,,226.05,3.5,,,527,17%,617,2.5,1543,,,,2.2,1358,,741,54.5%,,,,
55,ריהוט,,Coat hanger chair,,ריהוט עץ,,,,DZ,DZ,,,DZ Furnitur,,19,7005#,,FRDZ62,,FRDZ62,FRDZ62A,,Ash,Coat hanger chair - FRDZ62,Coat hanger chair,,800*400*1700,0.08,,,,,,,,60 ימי עבודה בכפוף להבהרות,,158.4,1.5,,,,,,,,237.6,3.5,,,554,17%,649,2.5,1622,,,,2.2,1427,,778,54.5%,,,,
56,ריהוט,,Coat hanger,,ריהוט עץ,,,,DZ,DZ,,,DZ Furnitur,,90,602#,,FRDZ63,,FRDZ63,FRDZ63A,,Ash+metal,Coat hanger - FRDZ63,Coat hanger,,800*200*1850,0.21,,,,,,,,60 ימי עבודה בכפוף להבהרות,,137.5,1.5,,,,,,,,206.25,3.5,,,481,17%,563,2.5,1408,,,,2.2,1239,,676,54.5%,,,,
57,ריהוט,,Coat hanger,,ריהוט עץ,,,,DZ,DZ,,,DZ Furnitur,,91,605#,,FRDZ64,,FRDZ64,FRDZ64A,,Ash+metal,Coat hanger - FRDZ64,Coat hanger,,￠350*1810,0.23,,,,,,,,60 ימי עבודה בכפוף להבהרות,,115.5,1.5,,,,,,,,173.25,3.5,,,404,17%,473,2.5,1182,,,,2.2,1041,,568,54.5%,,,,
58,ריהוט,,Mirror,,ריהוט עץ,,,,DZ,DZ,,,DZ Furnitur,,23,3007#,,FRDZ65,,FRDZ65,FRDZ65A,,Ash+Mirror,Mirror - FRDZ65,Mirror,,750*88*1770,0.24,,,,,,,,60 ימי עבודה בכפוף להבהרות,,171.6,1.5,,,,,,,,257.4,3.5,,,601,17%,703,2.5,1757,,,,2.2,1546,,843,54.5%,,,,
59,ריהוט,,Bar chair,,ריהוט עץ,,,,DZ,DZ,,,DZ Furnitur,,96,159#,,FRDZ66,,FRDZ66,FRDZ66A,,Ash+twine,Bar chair - FRDZ66,Bar chair,,440*390*set H790* T.H970,,,,,,,,,60 ימי עבודה בכפוף להבהרות,,121,1.5,,,,,,,,181.5,3.5,,,424,17%,495,2.5,1239,,,,2.2,1090,,595,54.5%,,,,
60,ריהוט,,Queen bed,,ריהוט עץ,,,,DZ,DZ,,,DZ Furnitur,,55,6001A#,,FRDZ93,1,FRDZ93,FRDZ93A,,Rowan+fabric,Queen bed - FRDZ931,Queen bed,,Mattress: 1500*2000,0.34,,,,,,,,60 ימי עבודה בכפוף להבהרות,,614.9,1.5,,,,,,,,922.35,3.5,,,2152,17%,2518,2.5,6295,,,,2.2,5540,,3022,54.5%,,,,
61,ריהוט,,King bed,,ריהוט עץ,,,,DZ,DZ,,,DZ Furnitur,,55,6001B#,,FRDZ93,2,FRDZ93,FRDZ93A,,Rowan+fabric,King bed - FRDZ932,King bed,,Mattress：1800*2300,0.48,,,,,,,,60 ימי עבודה בכפוף להבהרות,,631.4,1.5,,,,,,,,947.1,3.5,,,2210,17%,2586,2.5,6464,,,,2.2,5688,,3103,54.5%,,,,
62,ריהוט,,Mirror,,ריהוט עץ,,,,DZ,DZ,,,DZ Furnitur,,58,6005#,,FRDZ95,,FRDZ95,FRDZ95A,,Rowan+Mirror,Mirror - FRDZ95,Mirror,,Ø900*25,0.07,,,,,,,,60 ימי עבודה בכפוף להבהרות,,110,1.5,,,,,,,,165,3.5,,,385,17%,450,2.5,1126,,,,2.2,991,,541,54.5%,,,,
63,ריהוט,,Dresser(Without Mirror),,ריהוט עץ,,,,DZ,DZ,,,DZ Furnitur,,58,6003#,,FRDZ96,,FRDZ96,FRDZ96A,,Rowan+steel,Dresser(Without Mirror) - FRDZ96,Dresser(Without Mirror),,1200*412*770,0.57,,,,,,,,60 ימי עבודה בכפוף להבהרות,,306.9,1.5,,,,,,,,460.35,3.5,,,1074,17%,1257,2.5,3142,,,,2.2,2765,,1508,54.5%,,,,
64,ריהוט,,Dresser stool,,ריהוט עץ,,,,DZ,DZ,,,DZ Furnitur,,60,6006#,,FRDZ97,,FRDZ97,FRDZ97A,,Rowan+steel,Dresser stool - FRDZ97,Dresser stool,,415*360*455,0.12,,,,,,,,60 ימי עבודה בכפוף להבהרות,,59.4,1.5,,,,,,,,89.1,3.5,,,208,17%,243,2.5,608,,,,2.2,535,,292,54.5%,,,,
65,ריהוט,,Dining table,,ריהוט עץ,,,,DZ,DZ,,,DZ Furnitur,,56,6101#,,FRDZ98,1,FRDZ98,FRDZ98A,,Rowan+steel,Dining table - FRDZ981,Dining table,,1600*850*740,0.32,,,,,,,,60 ימי עבודה בכפוף להבהרות,,518.1,1.5,,,,,,,,777.15,3.5,,,1813,17%,2122,2.5,5304,,,,2.2,4668,,2546,54.5%,,,,
66,ריהוט,,Dining table,,ריהוט עץ,,,,DZ,DZ,,,DZ Furnitur,,56,6101#,,FRDZ98,2,FRDZ98,FRDZ98A,,Rowan+steel,Dining table - FRDZ982,Dining table,,1950*850*740,0.53,,,,,,,,60 ימי עבודה בכפוף להבהרות,,566.5,1.5,,,,,,,,849.75,3.5,,,1983,17%,2320,2.5,5800,,,,2.2,5104,,2784,54.5%,,,,
67,ריהוט,,Chair,,ריהוט עץ,,,,DZ,DZ,,,DZ Furnitur,,59,6102#,,FRDZ100,,FRDZ100,FRDZ100A,,Rowan+steel,Chair - FRDZ100,Chair,,470*580*740,0.19,,,,,,,,60 ימי עבודה בכפוף להבהרות,,116.6,1.5,,,,,,,,174.9,3.5,,,408,17%,477,2.5,1194,,,,2.2,1050,,573,54.5%,,,,
68,ריהוט,,Chair,,ריהוט עץ,,,,DZ,DZ,,,DZ Furnitur,,59,129#,,FRDZ101,,FRDZ101,FRDZ101A,,Ash with Rowan color+fabric,Chair - FRDZ101,Chair,,520*545*760,0.44,,,,,,,,60 ימי עבודה בכפוף להבהרות,,127.6,1.5,,,,,,,,191.4,3.5,,,447,17%,523,2.5,1306,,,,2.2,1150,,627,54.5%,,,,
69,ריהוט,,Chair,,ריהוט עץ,,,,DZ,DZ,,,DZ Furnitur,,59,152#,,FRDZ102,,FRDZ102,"FRDZ102A, FRDZ102B",,Rowan+twine,Chair - FRDZ102,Chair,,440*540*755,0.36,,,,,,,,60 ימי עבודה בכפוף להבהרות,,95.7,1.5,,,,,,,,143.55,3.5,,,335,17%,392,2.5,980,,,,2.2,862,,470,54.5%,,,,
70,ריהוט,,Desk,,ריהוט עץ,,,,DZ,DZ,,,DZ Furnitur,,58,6201#,,FRDZ103,,FRDZ103,FRDZ103A,,Rowan+steel,Desk - FRDZ103,Desk,,1600*612*760,0.34,,,,,,,,60 ימי עבודה בכפוף להבהרות,,566.5,1.5,,,,,,,,849.75,3.5,,,1983,17%,2320,2.5,5800,,,,2.2,5104,,2784,54.5%,,,,
71,ריהוט,,Bookshelf,,ריהוט עץ,,,,DZ,DZ,,,DZ Furnitur,,57,6202#,,FRDZ104,,FRDZ104,FRDZ104A,,Rowan+steel,Bookshelf - FRDZ104,Bookshelf,,1900*458*1838,0.8,,,,,,,,60 ימי עבודה בכפוף להבהרות,,841.5,1.5,,,,,,,,1262.25,3.5,,,2945,17%,3446,2.5,8615,,,,2.2,7581,,4135,54.5%,,,,
72,ריהוט,,TV unit,,ריהוט עץ,,,,DZ,DZ,,,DZ Furnitur,,56,6301#,,FRDZ105,,FRDZ105,FRDZ105A,,Rowan+MDF+metal,TV unit - FRDZ105,TV unit,,2100*458*570,0.8,,,,,,,,60 ימי עבודה בכפוף להבהרות,,574.2,1.5,,,,,,,,861.3,3.5,,,2010,17%,2351,2.5,5878,,,,2.2,5173,,2822,54.5%,,,,
73,ריהוט,,Coffee table,,ריהוט עץ,,,,DZ,DZ,,,DZ Furnitur,,56,6302#,,FRDZ106,,FRDZ106,FRDZ106A,,Rowan+steel,Coffee table - FRDZ106,Coffee table,,1400*712*350,0.54,,,,,,,,60 ימי עבודה בכפוף להבהרות,,404.8,1.5,,,,,,,,607.2,3.5,,,1417,17%,1658,2.5,4144,,,,2.2,3647,,1989,54.5%,,,,
74,ריהוט,,Mirror,,ריהוט עץ,,,,DZ,DZ,,,DZ Furnitur,,57,6305# ,,FRDZ107,,FRDZ107,FRDZ107A,,Rowan+Mirror,Mirror - FRDZ107,Mirror,,1200*30*600,0.07,,,,,,,,60 ימי עבודה בכפוף להבהרות,,96.8,1.5,,,,,,,,145.2,3.5,,,339,17%,396,2.5,991,,,,2.2,872,,476,54.5%,,,,
75,ריהוט,,3-Drawer Chest (With side table)  ,,ריהוט עץ,,,,DZ,DZ,,,DZ Furnitur,,57,6303# ,,FRDZ108,,FRDZ108,FRDZ108A,,Rowan+MDF,3-Drawer Chest (With side table)   - FRDZ108,3-Drawer Chest (With side table)  ,,1975*460*800,0.99,,,,,,,,60 ימי עבודה בכפוף להבהרות,,679.8,1.5,,,,,,,,1019.7,3.5,,,2379,17%,2784,2.5,6959,,,,2.2,6124,,3341,54.5%,,,,
76,ריהוט,,Sofa,,ריהוט עץ,,,,DZ,DZ,,,DZ Furnitur,,55,6308# ,,FRDZ109,,FRDZ109,FRDZ109A,,Rowan+fabric+High elastic sponge,Sofa - FRDZ109,Sofa,,￠900*640,0.76,,,,,,,,60 ימי עבודה בכפוף להבהרות,,339.9,1.5,,,,,,,,509.85,3.5,,,1190,17%,1392,2.5,3480,,,,2.2,3062,,1670,54.5%,,,,
77,ריהוט,,Sofa-4,,ריהוט עץ,,,,DZ,DZ,,,DZ Furnitur,,55,6309#,,FRDZ110,,FRDZ110,FRDZ110A,,Rowan+fabric+High elastic sponge,Sofa-4 - FRDZ110,Sofa-4,,2700*980*605,2.28,,,,,,,,60 ימי עבודה בכפוף להבהרות,,1018.6,1.5,,,,,,,,1527.9,3.5,,,3565,17%,4171,2.5,10428,,,,2.2,9177,,5005,54.5%,,,,
78,ריהוט,,Side table,,ריהוט עץ,,,,DZ,DZ,,,DZ Furnitur,,88,306#,,FRDZ111,,FRDZ111,FRDZ111A,,Rowan+metal,Side table - FRDZ111,Side table,,550*410*550,0.19,,,,,,,,60 ימי עבודה בכפוף להבהרות,,63.8,1.5,,,,,,,,95.7,3.5,,,223,17%,261,2.5,653,,,,2.2,575,,314,54.5%,,,,
79,ריהוט,,Side table,,ריהוט עץ,,,,DZ,DZ,,,DZ Furnitur,,89,332#,,FRDZ112,,FRDZ112,FRDZ112A,,Rowan+metal,Side table - FRDZ112,Side table,,DIA450*575,0.11,,,,,,,,60 ימי עבודה בכפוף להבהרות,,74.8,1.5,,,,,,,,112.2,3.5,,,262,17%,306,2.5,766,,,,2.2,674,,368,54.5%,,,,
80,ריהוט,,Bed,,ריהוט עץ,,,,DZ,DZ,,,DZ Furnitur,,,1001#,,FRDZ69,,FRDZ69,"FRDZ69A, FRDZ69B",,Albizia + Hardware accessories + Acrylic leg,Bed - FRDZ69,Bed,,"Mattress:
1800*2000",0.82,,,,,,,,60 ימי עבודה בכפוף להבהרות,,1336.5,1.5,,,,,,,,2004.75,3.5,,,4678,17%,5473,2.5,13682,,,,2.2,12041,,6568,54.5%,,,,
81,ריהוט,,Side table,,ריהוט עץ,,,,DZ,DZ,,,DZ Furnitur,,40,1002#,,FRDZ70,,FRDZ70,FRDZ70A,,Albizia + Acrylic,Side table - FRDZ70,Side table,,400*400*505,0.13,,,,,,,,60 ימי עבודה בכפוף להבהרות,,97.9,1.5,,,,,,,,146.85,3.5,,,343,17%,401,2.5,1002,,,,2.2,882,,481,54.5%,,,,
82,ריהוט,,Side table,,ריהוט עץ,,,,DZ,DZ,,,DZ Furnitur,,40,1003#,,FRDZ71,,FRDZ71,FRDZ71A,,Albizia + Acrylic,Side table - FRDZ71,Side table,,600*350*505,0.15,,,,,,,,60 ימי עבודה בכפוף להבהרות,,110,1.5,,,,,,,,165,3.5,,,385,17%,450,2.5,1126,,,,2.2,991,,541,54.5%,,,,
83,ריהוט,,Dresser with mirror,,ריהוט עץ,,,,DZ,DZ,,,DZ Furnitur,,41,1005#,,FRDZ72,,FRDZ72,FRDZ72A,,Albizia+Metal+ mirror,Dresser with mirror - FRDZ72,Dresser with mirror,,1350*450*1500,0.35,,,,,,,,60 ימי עבודה בכפוף להבהרות,,550,1.5,,,,,,,,825,3.5,,,1925,17%,2252,2.5,5631,,,,2.2,4955,,2703,54.5%,,,,
84,ריהוט,,Dresser Stool,,ריהוט עץ,,,,DZ,DZ,,,DZ Furnitur,,43,1006#,,FRDZ73,,FRDZ73,FRDZ73A,,Albizia+metal+fabric,Dresser Stool - FRDZ73,Dresser Stool,,500*350*450,0.15,,,,,,,,60 ימי עבודה בכפוף להבהרות,,78.1,1.5,,,,,,,,117.15,3.5,,,273,17%,320,2.5,800,,,,2.2,704,,384,54.5%,,,,
85,ריהוט,,Side table,,ריהוט עץ,,,,DZ,DZ,,,DZ Furnitur,,42,1007#,,FRDZ74,,FRDZ74,FRDZ74A,,Albizia + resin with Cement color,Side table - FRDZ74,Side table,,Dia 450*600,0.12,,,,,,,,60 ימי עבודה בכפוף להבהרות,,127.6,1.5,,,,,,,,191.4,3.5,,,447,17%,523,2.5,1306,,,,2.2,1150,,627,54.5%,,,,
86,ריהוט,,Mirror,,ריהוט עץ,,,,DZ,DZ,,,DZ Furnitur,,43,1008#,,FRDZ75,,FRDZ75,FRDZ75A,,Albizia + resin with Cement color+Mirror,Mirror - FRDZ75,Mirror,,300*250*1800,0.13,,,,,,,,60 ימי עבודה בכפוף להבהרות,,116.6,1.5,,,,,,,,174.9,3.5,,,408,17%,477,2.5,1194,,,,2.2,1050,,573,54.5%,,,,
87,ריהוט,,Coat hanger,,ריהוט עץ,,,,DZ,DZ,,,DZ Furnitur,,43,1009#,,FRDZ76,,FRDZ76,FRDZ76A,,Albizia + resin with Cement color,Coat hanger - FRDZ76,Coat hanger,,250*250*1800,0.12,,,,,,,,60 ימי עבודה בכפוף להבהרות,,106.7,1.5,,,,,,,,160.05,3.5,,,373,17%,437,2.5,1092,,,,2.2,961,,524,54.5%,,,,
88,ריהוט,,Dining table,,ריהוט עץ,,,,DZ,DZ,,,DZ Furnitur,,38,1101#,,FRDZ77,,FRDZ77,FRDZ77A,,Albizia + resin with Cement color + Metal,Dining table - FRDZ77,Dining table,,2600*900*750,0.56,,,,,,,,60 ימי עבודה בכפוף להבהרות,,1455.3,1.5,,,,,,,,2182.95,3.5,,,5094,17%,5959,2.5,14899,,,,2.2,13111,,7151,54.5%,,,,
89,ריהוט,,Chair,,ריהוט עץ,,,,DZ,DZ,,,DZ Furnitur,,44,1103#,,FRDZ78,,FRDZ78,FRDZ78A,,Albizia+metal+fabric,Chair - FRDZ78,Chair,,567*570*770,0.46,,,,,,,,60 ימי עבודה בכפוף להבהרות,,140.8,1.5,,,,,,,,211.2,3.5,,,493,17%,577,2.5,1441,,,,2.2,1268,,692,54.5%,,,,
90,ריהוט,,Chair,,ריהוט עץ,,,,DZ,DZ,,,DZ Furnitur,,44,1105#,,FRDZ79,,FRDZ79,FRDZ79A,,Albizia+fabric,Chair - FRDZ79,Chair,,520*563*770,0.46,,,,,,,,60 ימי עבודה בכפוף להבהרות,,148.5,1.5,,,,,,,,222.75,3.5,,,520,17%,608,2.5,1520,,,,2.2,1338,,730,54.5%,,,,
91,ריהוט,,Double chair,,ריהוט עץ,,,,DZ,DZ,,,DZ Furnitur,,38,1106#,,FRDZ80,,FRDZ80,FRDZ80A,,Albizia+metal+fabric,Double chair - FRDZ80,Double chair,,1700*500*600,0.68,,,,,,,,60 ימי עבודה בכפוף להבהרות,,313.5,1.5,,,,,,,,470.25,3.5,,,1097,17%,1284,2.5,3209,,,,2.2,2824,,1541,54.5%,,,,
92,ריהוט,,Desk,,ריהוט עץ,,,,DZ,DZ,,,DZ Furnitur,,40,1201#,,FRDZ81,,FRDZ81,FRDZ81A,,Albizia+Panel,Desk - FRDZ81,Desk,,1700*550*850,1.25,,,,,,,,60 ימי עבודה בכפוף להבהרות,,982.3,1.5,,,,,,,,1473.45,3.5,,,3438,17%,4023,2.5,10056,,,,2.2,8850,,4827,54.5%,,,,
93,ריהוט,,Bookshelf,,ריהוט עץ,,,,DZ,DZ,,,DZ Furnitur,,42,1202#,,FRDZ82,,FRDZ82,FRDZ82A,,Albizia+Panel,Bookshelf - FRDZ82,Bookshelf,,1200*375*1800,0.65,,,,,,,,60 ימי עבודה בכפוף להבהרות,,982.3,1.5,,,,,,,,1473.45,3.5,,,3438,17%,4023,2.5,10056,,,,2.2,8850,,4827,54.5%,,,,
94,ריהוט,,Bookshelf,,ריהוט עץ,,,,DZ,DZ,,,DZ Furnitur,,41,1203#,,FRDZ83,,FRDZ83,FRDZ83A,,Metal+Panel,Bookshelf - FRDZ83,Bookshelf,,2000*330*2200,0.95,,,,,,,,60 ימי עבודה בכפוף להבהרות,,660,1.5,,,,,,,,990,3.5,,,2310,17%,2703,2.5,6757,,,,2.2,5946,,3243,54.5%,,,,
95,ריהוט,,TV unit,,ריהוט עץ,,,,DZ,DZ,,,DZ Furnitur,,41,1301#,,FRDZ84,,FRDZ84,FRDZ84A,,Albizia+Panel+Acrylic,TV unit - FRDZ84,TV unit,,2600*518*470,0.45,,,,,,,,60 ימי עבודה בכפוף להבהרות,,829.4,1.5,,,,,,,,1244.1,3.5,,,2903,17%,3396,2.5,8491,,,,2.2,7472,,4076,54.5%,,,,
96,ריהוט,,Coffee table,,ריהוט עץ,,,,DZ,DZ,,,DZ Furnitur,,39,1302#,,FRDZ85,,FRDZ85,FRDZ85A,,Albizia+Panel+Acrylic,Coffee table - FRDZ85,Coffee table,,1750*790*350,0.48,,,,,,,,60 ימי עבודה בכפוף להבהרות,,652.3,1.5,,,,,,,,978.45,3.5,,,2283,17%,2671,2.5,6678,,,,2.2,5877,,3205,54.5%,,,,
97,ריהוט,,Sofa table(left side),,ריהוט עץ,,,,DZ,DZ,,,DZ Furnitur,,39,1305#,,FRDZ87,,FRDZ87,FRDZ87A,,Albizia+Panel,Sofa table(left side) - FRDZ87,Sofa table(left side),,1060*500*450,0.35,,,,,,,,60 ימי עבודה בכפוף להבהרות,,160.6,1.5,,,,,,,,240.9,3.5,,,562,17%,658,2.5,1644,,,,2.2,1447,,789,54.5%,,,,
98,ריהוט,,Sofa table(back side),,ריהוט עץ,,,,DZ,DZ,,,DZ Furnitur,,39,1306#,,FRDZ88,,FRDZ88,FRDZ88A,,Albizia+Panel,Sofa table(back side) - FRDZ88,Sofa table(back side),,1060*300*450,0.25,,,,,,,,60 ימי עבודה בכפוף להבהרות,,148.5,1.5,,,,,,,,222.75,3.5,,,520,17%,608,2.5,1520,,,,2.2,1338,,730,54.5%,,,,
99,ריהוט,,Sofa,,ריהוט עץ,,,,DZ,DZ,,,DZ Furnitur,,37,1307#,,FRDZ89,,FRDZ89,FRDZ89A,,Albizia+metal+fabric+ duck down,Sofa - FRDZ89,Sofa,,1018*900*605,0.72,,,,,,,,60 ימי עבודה בכפוף להבהרות,,481.8,1.5,,,,,,,,722.7,3.5,,,1686,17%,1973,2.5,4932,,,,2.2,4341,,2368,54.5%,,,,
100,ריהוט,,Sofa,,ריהוט עץ,,,,DZ,DZ,,,DZ Furnitur,,38,1308#,,FRDZ90,,FRDZ90,FRDZ90A,,Albizia+metal+fabricHigh elastic sponge,Sofa - FRDZ90,Sofa,,2100*805*670,1.42,,,,,,,,60 ימי עבודה בכפוף להבהרות,,948.2,1.5,,,,,,,,1422.3,3.5,,,3319,17%,3883,2.5,9707,,,,2.2,8542,,4659,54.5%,,,,
101,ריהוט,,Bar Stool,,ריהוט עץ,,,,DZ,DZ,,,DZ Furnitur,,44,139#,,FRDZ91,,FRDZ91,FRDZ91A,,Albizia+metal,Bar Stool - FRDZ91,Bar Stool,,450*470*700,0.25,,,,,,,,60 ימי עבודה בכפוף להבהרות,,82.5,1.5,,,,,,,,123.75,3.5,,,289,17%,338,2.5,845,,,,2.2,743,,405,54.5%,,,,
102,ריהוט,,Coat hanger,,ריהוט עץ,,,,DZ,DZ,,,DZ Furnitur,,42,1010#,,FRDZ92,,FRDZ92,FRDZ92A,,Albizia lebeck solid wood,Coat hanger - FRDZ92,Coat hanger,,2000*750*65,0.06,,,,,,,,60 ימי עבודה בכפוף להבהרות,,144.1,1.5,,,,,,,,216.15,3.5,,,504,17%,590,2.5,1475,,,,2.2,1298,,708,54.5%,,,,
103,ריהוט,,Queen bed,,ריהוט עץ,,,,DZ,DZ,,,DZ Furnitur,,70,"5001#A
Queen size",,FRDZ113,1,FRDZ113,"FRDZ113A, FRDZ113B",,Yellow poplar+fabric,Queen bed - FRDZ1131,Queen bed,,Mattress: 1500*2000,0.695,,,,,,,,60 ימי עבודה בכפוף להבהרות,,542.3,1.5,,,,,,,,813.45,3.5,,,1898,17%,2221,2.5,5552,,,,2.2,4886,,2665,54.5%,,,,
104,ריהוט,,King bed,,ריהוט עץ,,,,DZ,DZ,,,DZ Furnitur,,70,"5001#B
King size",,FRDZ113,2,FRDZ113,"FRDZ113A, FRDZ113B",,Yellow poplar+fabric,King bed - FRDZ1132,King bed,,Mattress: 1800*2000,0.772,,,,,,,,60 ימי עבודה בכפוף להבהרות,,579.7,1.5,,,,,,,,869.55,3.5,,,2029,17%,2374,2.5,5935,,,,2.2,5223,,2849,54.5%,,,,
105,ריהוט,,Night stand,,ריהוט עץ,,,,DZ,DZ,,,DZ Furnitur,,74,5002#,,FRDZ115,,FRDZ115,FRDZ115A,,Yellow Poplar,Night stand - FRDZ115,Night stand,,600*350*350,0.107,,,,,,,,60 ימי עבודה בכפוף להבהרות,,130.9,1.5,,,,,,,,196.35,3.5,,,458,17%,536,2.5,1340,,,,2.2,1179,,643,54.5%,,,,
106,ריהוט,,Night stool,,ריהוט עץ,,,,DZ,DZ,,,DZ Furnitur,,74,5003#,,FRDZ116,,FRDZ116,FRDZ116A,,Yellow Poplar,Night stool - FRDZ116,Night stool,,650*470*500,0.062,,,,,,,,60 ימי עבודה בכפוף להבהרות,,95.7,1.5,,,,,,,,143.55,3.5,,,335,17%,392,2.5,980,,,,2.2,862,,470,54.5%,,,,
107,ריהוט,,Night stool,,ריהוט עץ,,,,DZ,DZ,,,DZ Furnitur,,74,5005#,,FRDZ117,,FRDZ117,FRDZ117A,,Yellow Poplar,Night stool - FRDZ117,Night stool,,500*350*430,0.037,,,,,,,,60 ימי עבודה בכפוף להבהרות,,79.2,1.5,,,,,,,,118.8,3.5,,,277,17%,324,2.5,811,,,,2.2,714,,389,54.5%,,,,
108,ריהוט,,Dining table,,ריהוט עץ,,,,DZ,DZ,,,DZ Furnitur,,73,5101#,,FRDZ118,1,FRDZ118,FRDZ118A,,Yellow Poplar,Dining table - FRDZ1181,Dining table,,1500*830*740,0.302,,,,,,,,60 ימי עבודה בכפוף להבהרות,,420.2,1.5,,,,,,,,630.3,3.5,,,1471,17%,1721,2.5,4302,,,,2.2,3786,,2065,54.5%,,,,
109,ריהוט,,Dining table,,ריהוט עץ,,,,DZ,DZ,,,DZ Furnitur,,73,5101#,,FRDZ118,2,FRDZ118,FRDZ118A,,Yellow Poplar,Dining table - FRDZ1182,Dining table,,1800*830*740,0.36,,,,,,,,60 ימי עבודה בכפוף להבהרות,,469.7,1.5,,,,,,,,704.55,3.5,,,1644,17%,1923,2.5,4809,,,,2.2,4232,,2308,54.5%,,,,
110,ריהוט,,Dining chair,,ריהוט עץ,,,,DZ,DZ,,,DZ Furnitur,,80,5102A#,,FRDZ120,,FRDZ120,FRDZ120A,,Yellow poplar+fabric,Dining chair - FRDZ120,Dining chair,,470*512*780,0.179,,,,,,,,60 ימי עבודה בכפוף להבהרות,,95.7,1.5,,,,,,,,143.55,3.5,,,335,17%,392,2.5,980,,,,2.2,862,,470,54.5%,,,,
111,ריהוט,,Dining chair,,ריהוט עץ,,,,DZ,DZ,,,DZ Furnitur,,79,5103A#,,FRDZ121,,FRDZ121,FRDZ121A,,Yellow poplar+fabric,Dining chair - FRDZ121,Dining chair,,1200*503*685,0.526,,,,,,,,60 ימי עבודה בכפוף להבהרות,,160.6,1.5,,,,,,,,240.9,3.5,,,562,17%,658,2.5,1644,,,,2.2,1447,,789,54.5%,,,,
112,ריהוט,,Desk,,ריהוט עץ,,,,DZ,DZ,,,DZ Furnitur,,79,5201#,,FRDZ122,,FRDZ122,FRDZ122A,,Yellow poplar,Desk - FRDZ122,Desk,,1350*620*755,0.209,,,,,,,,60 ימי עבודה בכפוף להבהרות,,339.9,1.5,,,,,,,,509.85,3.5,,,1190,17%,1392,2.5,3480,,,,2.2,3062,,1670,54.5%,,,,
113,ריהוט,,Bookshelf,,ריהוט עץ,,,,DZ,DZ,,,DZ Furnitur,,77,5202#,,FRDZ123,,FRDZ123,FRDZ123A,,Yellow poplar,Bookshelf - FRDZ123,Bookshelf,,1600*460*1650,0.643,,,,,,,,60 ימי עבודה בכפוף להבהרות,,643.5,1.5,,,,,,,,965.25,3.5,,,2252,17%,2635,2.5,6588,,,,2.2,5797,,3162,54.5%,,,,
114,ריהוט,,Bookshelf,,ריהוט עץ,,,,DZ,DZ,,,DZ Furnitur,,77,5203A#,,FRDZ124,1,FRDZ124,FRDZ124A,,Yellow poplar,Bookshelf - FRDZ1241,Bookshelf,,350*300*1400,0.203,,,,,,,,60 ימי עבודה בכפוף להבהרות,,145.2,1.5,,,,,,,,217.8,3.5,,,508,17%,595,2.5,1486,,,,2.2,1308,,714,54.5%,,,,
115,ריהוט,,Bookshelf,,ריהוט עץ,,,,DZ,DZ,,,DZ Furnitur,,78,5203B#,,FRDZ124,2,FRDZ124,FRDZ124A,,Yellow poplar,Bookshelf - FRDZ1242,Bookshelf,,350*300*1400,0.203,,,,,,,,60 ימי עבודה בכפוף להבהרות,,151.8,1.5,,,,,,,,227.7,3.5,,,531,17%,622,2.5,1554,,,,2.2,1368,,746,54.5%,,,,
116,ריהוט,,TV unit,,ריהוט עץ,,,,DZ,DZ,,,DZ Furnitur,,75,5301#,,FRDZ126,,FRDZ126,FRDZ126A,,Yellow poplar,TV unit - FRDZ126,TV unit,,2100*460*415,0.52,,,,,,,,60 ימי עבודה בכפוף להבהרות,,541.2,1.5,,,,,,,,811.8,3.5,,,1894,17%,2216,2.5,5541,,,,2.2,4876,,2659,54.5%,,,,
117,ריהוט,,Coffee table,,ריהוט עץ,,,,DZ,DZ,,,DZ Furnitur,,73,5302#,,FRDZ127,,FRDZ127,FRDZ127A,,Yellow poplar+MDF,Coffee table - FRDZ127,Coffee table,,1400*550*365,0.46,,,,,,,,60 ימי עבודה בכפוף להבהרות,,282.7,1.5,,,,,,,,424.05,3.5,,,989,17%,1158,2.5,2894,,,,2.2,2547,,1389,54.5%,,,,
118,ריהוט,,Mirror,,ריהוט עץ,,,,DZ,DZ,,,DZ Furnitur,,78,5305#,,FRDZ128,,FRDZ128,FRDZ128A,,Yellow poplar+Mirror,Mirror - FRDZ128,Mirror,,1100*600*70,0.083,,,,,,,,60 ימי עבודה בכפוף להבהרות,,75.9,1.5,,,,,,,,113.85,3.5,,,266,17%,311,2.5,777,,,,2.2,684,,373,54.5%,,,,
119,ריהוט,,"3-Drawer Chest
(With Side Table)",,ריהוט עץ,,,,DZ,DZ,,,DZ Furnitur,,78,5303#,,FRDZ129,,FRDZ129,FRDZ129A,,Yellow poplar,"3-Drawer Chest
(With Side Table) - FRDZ129","3-Drawer Chest
(With Side Table)",,"1200*460*750
1400*450*790",0.51,,,,,,,,60 ימי עבודה בכפוף להבהרות,,728.2,1.5,,,,,,,,1092.3,3.5,,,2549,17%,2982,2.5,7455,,,,2.2,6560,,3578,54.5%,,,,
120,ריהוט,,Sofa,,ריהוט עץ,,,,DZ,DZ,,,DZ Furnitur,,71,5306#,,FRDZ130,,FRDZ130,"FRDZ130A, FRDZ130B",,Yellow poplar+fabric,Sofa - FRDZ130,Sofa,,2200*830*660,1.468,,,,,,,,60 ימי עבודה בכפוף להבהרות,,743.6,1.5,,,,,,,,1115.4,3.5,,,2603,17%,3045,2.5,7613,,,,2.2,6699,,3654,54.5%,,,,
121,ריהוט,,Sofa  ( With Cusion),,ריהוט עץ,,,,DZ,DZ,,,DZ Furnitur,,72,5309#,S-FRDZ131,FRDZ131,,FRDZ131,FRDZ131A,,Yellow poplar+fabric,Sofa  ( With Cusion) - FRDZ131,Sofa  ( With Cusion),,900*880*750,2.4,,,,,,,,60 ימי עבודה בכפוף להבהרות,,396,1.5,,,,,,,,594,3.5,,,1386,17%,1622,2.5,4054,,,,2.2,3568,,1946,54.5%,,,,
122,ריהוט,,Sofa (with Tray),,ריהוט עץ,,,,DZ,DZ,,,DZ Furnitur,,72,5310#,S-FRDZ131,FRDZ132,,FRDZ132,FRDZ132A,,Yellow poplar+fabric,Sofa (with Tray) - FRDZ132,Sofa (with Tray),,900*880*470,0.76,,,,,,,,60 ימי עבודה בכפוף להבהרות,,293.7,1.5,,,,,,,,440.55,3.5,,,1028,17%,1203,2.5,3007,,,,2.2,2646,,1443,54.5%,,,,
123,ריהוט,,Sofa (ottman),,ריהוט עץ,,,,DZ,DZ,,,DZ Furnitur,,72,5311#,S-FRDZ131,FRDZ133,,FRDZ133,FRDZ133A,,Yellow poplar+fabric,Sofa (ottman) - FRDZ133,Sofa (ottman),,900*800*370,0.42,,,,,,,,60 ימי עבודה בכפוף להבהרות,,194.7,1.5,,,,,,,,292.05,3.5,,,681,17%,797,2.5,1993,,,,2.2,1754,,957,54.5%,,,,
124,ריהוט,,Side table,,ריהוט עץ,,,,DZ,DZ,,,DZ Furnitur,,73,5312#,,FRDZ134,,FRDZ134,FRDZ134A,,Yellow poplar+metal,Side table - FRDZ134,Side table,,830*300*470,0.42,,,,,,,,60 ימי עבודה בכפוף להבהרות,,79.2,1.5,,,,,,,,118.8,3.5,,,277,17%,324,2.5,811,,,,2.2,714,,389,54.5%,,,,
125,ריהוט,,TV unit,,ריהוט עץ,,,,DZ,DZ,,,DZ Furnitur,,77,5313#,,FRDZ135,,FRDZ135,FRDZ135A,,Yellow poplar+MDF,TV unit - FRDZ135,TV unit,,2200*500*450,0.76,,,,,,,,60 ימי עבודה בכפוף להבהרות,,631.4,1.5,,,,,,,,947.1,3.5,,,2210,17%,2586,2.5,6464,,,,2.2,5688,,3103,54.5%,,,,
126,ריהוט,,Side table,,ריהוט עץ,,,,DZ,DZ,,,DZ Furnitur,,75,351#,,FRDZ136,,FRDZ136,FRDZ136A,,Yellow poplar+metal,Side table - FRDZ136,Side table,,374*450*600,0.13,,,,,,,,60 ימי עבודה בכפוף להבהרות,,62.7,1.5,,,,,,,,94.05,3.5,,,219,17%,257,2.5,642,,,,2.2,565,,308,54.5%,,,,
127,ריהוט,,Side table,,ריהוט עץ,,,,DZ,DZ,,,DZ Furnitur,,75,352#,,FRDZ137,,FRDZ137,FRDZ137A,,Yellow poplar+metal,Side table - FRDZ137,Side table,,724*350*520,0.17,,,,,,,,60 ימי עבודה בכפוף להבהרות,,79.2,1.5,,,,,,,,118.8,3.5,,,277,17%,324,2.5,811,,,,2.2,714,,389,54.5%,,,,
128,ריהוט,,Cabinet(Left),,ריהוט עץ,,,,DZ,DZ,,,DZ Furnitur,,76,5205#A ,,FRDZ138,,FRDZ138,FRDZ138A,,Yellow Poplar,Cabinet(Left) - FRDZ138,Cabinet(Left),,900*400*1860,0.65,,,,,,,,60 ימי עבודה בכפוף להבהרות,,592.9,1.5,,,,,,,,889.35,3.5,,,2075,17%,2428,2.5,6070,,,,2.2,5341,,2914,54.5%,,,,
129,ריהוט,, Cabinet(Middle),,ריהוט עץ,,,,DZ,DZ,,,DZ Furnitur,,76,5205#B ,,FRDZ139,,FRDZ139,FRDZ139A,,Yellow Poplar, Cabinet(Middle) - FRDZ139, Cabinet(Middle),,500*400*1860,0.53,,,,,,,,60 ימי עבודה בכפוף להבהרות,,512.6,1.5,,,,,,,,768.9,3.5,,,1794,17%,2099,2.5,5248,,,,2.2,4618,,2519,54.5%,,,,
130,ריהוט,,Cabinet ( With Glass Door) ,,ריהוט עץ,,,,DZ,DZ,,,DZ Furnitur,,76,5205#C ,,FRDZ140,,FRDZ140,FRDZ140A,,Yellow Poplar,Cabinet ( With Glass Door)  - FRDZ140,Cabinet ( With Glass Door) ,,900*600*1860,0.65,,,,,,,,60 ימי עבודה בכפוף להבהרות,,624.8,1.5,,,,,,,,937.2,3.5,,,2187,17%,2559,2.5,6396,,,,2.2,5629,,3070,54.5%,,,,